provincia,semana_id,anio_epi,semana,calendar_start_date,casos
GUAYAS,2013-W03,2013,3,2013-01-20,35.0
MANABI,2013-W03,2013,3,2013-01-20,4.0
LOS RIOS,2013-W03,2013,3,2013-01-20,8.0
EL ORO,2013-W03,2013,3,2013-01-20,21.0
ESMERALDAS,2013-W03,2013,3,2013-01-20,0.0
CARCHI,2013-W03,2013,3,2013-01-20,0.0
IMBABURA,2013-W03,2013,3,2013-01-20,0.0
PICHINCHA,2013-W03,2013,3,2013-01-20,0.0
BOLIVAR,2013-W03,2013,3,2013-01-20,0.0
COTOPAXI,2013-W03,2013,3,2013-01-20,0.0
TUNGURAHUA,2013-W03,2013,3,2013-01-20,0.0
CHIMBORAZO,2013-W03,2013,3,2013-01-20,0.0
CANAR,2013-W03,2013,3,2013-01-20,6.0
AZUAY,2013-W03,2013,3,2013-01-20,1.0
LOJA,2013-W03,2013,3,2013-01-20,0.0
SUCUMBIOS,2013-W03,2013,3,2013-01-20,76.0
NAPO,2013-W03,2013,3,2013-01-20,2.0
ORELLANA,2013-W03,2013,3,2013-01-20,11.0
PASTAZA,2013-W03,2013,3,2013-01-20,1.0
MORONA SANTIAGO,2013-W03,2013,3,2013-01-20,0.0
ZAMORA CHINCHIPE,2013-W03,2013,3,2013-01-20,0.0
GUAYAS,2013-W05,2013,5,2013-02-03,103.0
MANABI,2013-W05,2013,5,2013-02-03,39.0
LOS RIOS,2013-W05,2013,5,2013-02-03,41.0
EL ORO,2013-W05,2013,5,2013-02-03,36.0
ESMERALDAS,2013-W05,2013,5,2013-02-03,8.0
CARCHI,2013-W05,2013,5,2013-02-03,0.0
IMBABURA,2013-W05,2013,5,2013-02-03,0.0
PICHINCHA,2013-W05,2013,5,2013-02-03,4.0
CANAR,2013-W05,2013,5,2013-02-03,3.0
AZUAY,2013-W05,2013,5,2013-02-03,0.0
LOJA,2013-W05,2013,5,2013-02-03,0.0
SUCUMBIOS,2013-W05,2013,5,2013-02-03,46.0
NAPO,2013-W05,2013,5,2013-02-03,1.0
PASTAZA,2013-W05,2013,5,2013-02-03,0.0
MORONA SANTIAGO,2013-W05,2013,5,2013-02-03,1.0
ZAMORA CHINCHIPE,2013-W05,2013,5,2013-02-03,0.0
GUAYAS,2013-W06,2013,6,2013-02-10,87.0
MANABI,2013-W06,2013,6,2013-02-10,26.0
LOS RIOS,2013-W06,2013,6,2013-02-10,29.0
EL ORO,2013-W06,2013,6,2013-02-10,25.0
ESMERALDAS,2013-W06,2013,6,2013-02-10,2.0
CARCHI,2013-W06,2013,6,2013-02-10,0.0
PICHINCHA,2013-W06,2013,6,2013-02-10,2.0
BOLIVAR,2013-W06,2013,6,2013-02-10,0.0
COTOPAXI,2013-W06,2013,6,2013-02-10,2.0
TUNGURAHUA,2013-W06,2013,6,2013-02-10,0.0
CHIMBORAZO,2013-W06,2013,6,2013-02-10,2.0
CANAR,2013-W06,2013,6,2013-02-10,0.0
AZUAY,2013-W06,2013,6,2013-02-10,0.0
LOJA,2013-W06,2013,6,2013-02-10,2.0
SUCUMBIOS,2013-W06,2013,6,2013-02-10,34.0
NAPO,2013-W06,2013,6,2013-02-10,4.0
ORELLANA,2013-W06,2013,6,2013-02-10,4.0
PASTAZA,2013-W06,2013,6,2013-02-10,1.0
MORONA SANTIAGO,2013-W06,2013,6,2013-02-10,0.0
ZAMORA CHINCHIPE,2013-W06,2013,6,2013-02-10,0.0
GUAYAS,2013-W07,2013,7,2013-02-17,16.0
MANABI,2013-W07,2013,7,2013-02-17,35.0
LOS RIOS,2013-W07,2013,7,2013-02-17,59.0
EL ORO,2013-W07,2013,7,2013-02-17,23.0
CARCHI,2013-W07,2013,7,2013-02-17,0.0
IMBABURA,2013-W07,2013,7,2013-02-17,1.0
PICHINCHA,2013-W07,2013,7,2013-02-17,0.0
BOLIVAR,2013-W07,2013,7,2013-02-17,0.0
COTOPAXI,2013-W07,2013,7,2013-02-17,0.0
CHIMBORAZO,2013-W07,2013,7,2013-02-17,0.0
CANAR,2013-W07,2013,7,2013-02-17,5.0
AZUAY,2013-W07,2013,7,2013-02-17,0.0
LOJA,2013-W07,2013,7,2013-02-17,2.0
SUCUMBIOS,2013-W07,2013,7,2013-02-17,32.0
NAPO,2013-W07,2013,7,2013-02-17,4.0
ORELLANA,2013-W07,2013,7,2013-02-17,4.0
PASTAZA,2013-W07,2013,7,2013-02-17,0.0
MORONA SANTIAGO,2013-W07,2013,7,2013-02-17,5.0
ZAMORA CHINCHIPE,2013-W07,2013,7,2013-02-17,0.0
GUAYAS,2013-W09,2013,9,2013-03-03,20.0
MANABI,2013-W09,2013,9,2013-03-03,17.0
LOS RIOS,2013-W09,2013,9,2013-03-03,59.0
EL ORO,2013-W09,2013,9,2013-03-03,25.0
ESMERALDAS,2013-W09,2013,9,2013-03-03,3.0
CARCHI,2013-W09,2013,9,2013-03-03,0.0
IMBABURA,2013-W09,2013,9,2013-03-03,1.0
PICHINCHA,2013-W09,2013,9,2013-03-03,0.0
BOLIVAR,2013-W09,2013,9,2013-03-03,2.0
COTOPAXI,2013-W09,2013,9,2013-03-03,1.0
TUNGURAHUA,2013-W09,2013,9,2013-03-03,0.0
CHIMBORAZO,2013-W09,2013,9,2013-03-03,1.0
CANAR,2013-W09,2013,9,2013-03-03,5.0
AZUAY,2013-W09,2013,9,2013-03-03,17.0
LOJA,2013-W09,2013,9,2013-03-03,2.0
SUCUMBIOS,2013-W09,2013,9,2013-03-03,0.0
NAPO,2013-W09,2013,9,2013-03-03,1.0
ORELLANA,2013-W09,2013,9,2013-03-03,10.0
PASTAZA,2013-W09,2013,9,2013-03-03,0.0
MORONA SANTIAGO,2013-W09,2013,9,2013-03-03,6.0
ZAMORA CHINCHIPE,2013-W09,2013,9,2013-03-03,1.0
GUAYAS,2013-W10,2013,10,2013-03-10,33.0
MANABI,2013-W10,2013,10,2013-03-10,41.0
LOS RIOS,2013-W10,2013,10,2013-03-10,59.0
EL ORO,2013-W10,2013,10,2013-03-10,39.0
ESMERALDAS,2013-W10,2013,10,2013-03-10,10.0
CARCHI,2013-W10,2013,10,2013-03-10,1.0
IMBABURA,2013-W10,2013,10,2013-03-10,2.0
PICHINCHA,2013-W10,2013,10,2013-03-10,1.0
BOLIVAR,2013-W10,2013,10,2013-03-10,3.0
COTOPAXI,2013-W10,2013,10,2013-03-10,0.0
TUNGURAHUA,2013-W10,2013,10,2013-03-10,0.0
CHIMBORAZO,2013-W10,2013,10,2013-03-10,0.0
CANAR,2013-W10,2013,10,2013-03-10,9.0
AZUAY,2013-W10,2013,10,2013-03-10,5.0
LOJA,2013-W10,2013,10,2013-03-10,2.0
SUCUMBIOS,2013-W10,2013,10,2013-03-10,0.0
NAPO,2013-W10,2013,10,2013-03-10,2.0
ORELLANA,2013-W10,2013,10,2013-03-10,4.0
PASTAZA,2013-W10,2013,10,2013-03-10,0.0
MORONA SANTIAGO,2013-W10,2013,10,2013-03-10,0.0
ZAMORA CHINCHIPE,2013-W10,2013,10,2013-03-10,0.0
GUAYAS,2013-W11,2013,11,2013-03-17,60.0
MANABI,2013-W11,2013,11,2013-03-17,57.0
LOS RIOS,2013-W11,2013,11,2013-03-17,52.0
EL ORO,2013-W11,2013,11,2013-03-17,32.0
ESMERALDAS,2013-W11,2013,11,2013-03-17,15.0
SANTA ELENA,2013-W11,2013,11,2013-03-17,4.0
GALAPAGOS,2013-W11,2013,11,2013-03-17,0.0
SANTO DOMINGO DE LOS TSACHILAS,2013-W11,2013,11,2013-03-17,7.0
CARCHI,2013-W11,2013,11,2013-03-17,0.0
IMBABURA,2013-W11,2013,11,2013-03-17,0.0
PICHINCHA,2013-W11,2013,11,2013-03-17,3.0
BOLIVAR,2013-W11,2013,11,2013-03-17,21.0
COTOPAXI,2013-W11,2013,11,2013-03-17,0.0
TUNGURAHUA,2013-W11,2013,11,2013-03-17,2.0
CHIMBORAZO,2013-W11,2013,11,2013-03-17,0.0
CANAR,2013-W11,2013,11,2013-03-17,14.0
AZUAY,2013-W11,2013,11,2013-03-17,0.0
LOJA,2013-W11,2013,11,2013-03-17,1.0
SUCUMBIOS,2013-W11,2013,11,2013-03-17,0.0
NAPO,2013-W11,2013,11,2013-03-17,17.0
ORELLANA,2013-W11,2013,11,2013-03-17,0.0
PASTAZA,2013-W11,2013,11,2013-03-17,2.0
MORONA SANTIAGO,2013-W11,2013,11,2013-03-17,7.0
ZAMORA CHINCIPE,2013-W11,2013,11,2013-03-17,0.0
GUAYAS,2013-W12,2013,12,2013-03-24,54.0
MANABI,2013-W12,2013,12,2013-03-24,59.0
LOS RIOS,2013-W12,2013,12,2013-03-24,70.0
EL ORO,2013-W12,2013,12,2013-03-24,38.0
ESMERALDAS,2013-W12,2013,12,2013-03-24,7.0
SANTA ELENA,2013-W12,2013,12,2013-03-24,19.0
GALAPAGOS,2013-W12,2013,12,2013-03-24,0.0
SANTO DOMINGO DE LOS TSACHILAS,2013-W12,2013,12,2013-03-24,2.0
CARCHI,2013-W12,2013,12,2013-03-24,0.0
IMBABURA,2013-W12,2013,12,2013-03-24,2.0
PICHINCHA,2013-W12,2013,12,2013-03-24,2.0
BOLIVAR,2013-W12,2013,12,2013-03-24,47.0
COTOPAXI,2013-W12,2013,12,2013-03-24,0.0
TUNGURAHUA,2013-W12,2013,12,2013-03-24,1.0
CHIMBORAZO,2013-W12,2013,12,2013-03-24,0.0
CANAR,2013-W12,2013,12,2013-03-24,5.0
AZUAY,2013-W12,2013,12,2013-03-24,2.0
LOJA,2013-W12,2013,12,2013-03-24,2.0
SUCUMBIOS,2013-W12,2013,12,2013-03-24,0.0
NAPO,2013-W12,2013,12,2013-03-24,19.0
ORELLANA,2013-W12,2013,12,2013-03-24,0.0
PASTAZA,2013-W12,2013,12,2013-03-24,0.0
MORONA SANTIAGO,2013-W12,2013,12,2013-03-24,10.0
ZAMORA CHINCIPE,2013-W12,2013,12,2013-03-24,0.0
GUAYAS,2013-W13,2013,13,2013-03-31,47.0
MANABI,2013-W13,2013,13,2013-03-31,41.0
LOS RIOS,2013-W13,2013,13,2013-03-31,119.0
EL ORO,2013-W13,2013,13,2013-03-31,56.0
ESMERALDAS,2013-W13,2013,13,2013-03-31,15.0
CARCHI,2013-W13,2013,13,2013-03-31,0.0
IMBABURA,2013-W13,2013,13,2013-03-31,1.0
PICHINCHA,2013-W13,2013,13,2013-03-31,5.0
BOLIVAR,2013-W13,2013,13,2013-03-31,35.0
COTOPAXI,2013-W13,2013,13,2013-03-31,0.0
TUNGURAHUA,2013-W13,2013,13,2013-03-31,2.0
CHIMBORAZO,2013-W13,2013,13,2013-03-31,0.0
CANAR,2013-W13,2013,13,2013-03-31,26.0
AZUAY,2013-W13,2013,13,2013-03-31,2.0
LOJA,2013-W13,2013,13,2013-03-31,1.0
SUCUMBIOS,2013-W13,2013,13,2013-03-31,0.0
NAPO,2013-W13,2013,13,2013-03-31,14.0
ORELLANA,2013-W13,2013,13,2013-03-31,0.0
PASTAZA,2013-W13,2013,13,2013-03-31,1.0
MORONA SANTIAGO,2013-W13,2013,13,2013-03-31,15.0
ZAMORA CHINCHIPE,2013-W13,2013,13,2013-03-31,2.0
GUAYAS,2013-W14,2013,14,2013-04-07,51.0
MANABI,2013-W14,2013,14,2013-04-07,38.0
LOS RIOS,2013-W14,2013,14,2013-04-07,90.0
EL ORO,2013-W14,2013,14,2013-04-07,76.0
ESMERALDAS,2013-W14,2013,14,2013-04-07,10.0
CARCHI,2013-W14,2013,14,2013-04-07,0.0
IMBABURA,2013-W14,2013,14,2013-04-07,5.0
PICHINCHA,2013-W14,2013,14,2013-04-07,0.0
BOLIVAR,2013-W14,2013,14,2013-04-07,11.0
COTOPAXI,2013-W14,2013,14,2013-04-07,1.0
TUNGURAHUA,2013-W14,2013,14,2013-04-07,1.0
CHIMBORAZO,2013-W14,2013,14,2013-04-07,0.0
CANAR,2013-W14,2013,14,2013-04-07,11.0
AZUAY,2013-W14,2013,14,2013-04-07,7.0
LOJA,2013-W14,2013,14,2013-04-07,2.0
SUCUMBIOS,2013-W14,2013,14,2013-04-07,0.0
NAPO,2013-W14,2013,14,2013-04-07,10.0
ORELLANA,2013-W14,2013,14,2013-04-07,8.0
PASTAZA,2013-W14,2013,14,2013-04-07,1.0
MORONA SANTIAGO,2013-W14,2013,14,2013-04-07,9.0
ZAMORA CHINCHIPE,2013-W14,2013,14,2013-04-07,1.0
GUAYAS,2013-W15,2013,15,2013-04-14,71.0
MANABI,2013-W15,2013,15,2013-04-14,28.0
LOS RIOS,2013-W15,2013,15,2013-04-14,8.0
EL ORO,2013-W15,2013,15,2013-04-14,101.0
ESMERALDAS,2013-W15,2013,15,2013-04-14,3.0
CARCHI,2013-W15,2013,15,2013-04-14,0.0
IMBABURA,2013-W15,2013,15,2013-04-14,3.0
PICHINCHA,2013-W15,2013,15,2013-04-14,1.0
BOLIVAR,2013-W15,2013,15,2013-04-14,13.0
COTOPAXI,2013-W15,2013,15,2013-04-14,1.0
TUNGURAHUA,2013-W15,2013,15,2013-04-14,0.0
CHIMBORAZO,2013-W15,2013,15,2013-04-14,0.0
CANAR,2013-W15,2013,15,2013-04-14,14.0
AZUAY,2013-W15,2013,15,2013-04-14,0.0
LOJA,2013-W15,2013,15,2013-04-14,9.0
SUCUMBIOS,2013-W15,2013,15,2013-04-14,1.0
NAPO,2013-W15,2013,15,2013-04-14,6.0
ORELLANA,2013-W15,2013,15,2013-04-14,44.0
PASTAZA,2013-W15,2013,15,2013-04-14,1.0
MORONA SANTIAGO,2013-W15,2013,15,2013-04-14,0.0
ZAMORA CHINCHIPE,2013-W15,2013,15,2013-04-14,2.0
GUAYAS,2013-W16,2013,16,2013-04-21,73.0
MANABI,2013-W16,2013,16,2013-04-21,47.0
LOS RIOS,2013-W16,2013,16,2013-04-21,79.0
EL ORO,2013-W16,2013,16,2013-04-21,57.0
ESMERALDAS,2013-W16,2013,16,2013-04-21,6.0
CARCHI,2013-W16,2013,16,2013-04-21,0.0
IMBABURA,2013-W16,2013,16,2013-04-21,1.0
PICHINCHA,2013-W16,2013,16,2013-04-21,1.0
BOLIVAR,2013-W16,2013,16,2013-04-21,0.0
COTOPAXI,2013-W16,2013,16,2013-04-21,1.0
TUNGURAHUA,2013-W16,2013,16,2013-04-21,1.0
CHIMBORAZO,2013-W16,2013,16,2013-04-21,0.0
CANAR,2013-W16,2013,16,2013-04-21,10.0
AZUAY,2013-W16,2013,16,2013-04-21,2.0
LOJA,2013-W16,2013,16,2013-04-21,5.0
SUCUMBIOS,2013-W16,2013,16,2013-04-21,0.0
NAPO,2013-W16,2013,16,2013-04-21,15.0
ORELLANA,2013-W16,2013,16,2013-04-21,60.0
PASTAZA,2013-W16,2013,16,2013-04-21,0.0
MORONA SANTIAGO,2013-W16,2013,16,2013-04-21,2.0
ZAMORA CHINCHIPE,2013-W16,2013,16,2013-04-21,0.0
GUAYAS,2013-W17,2013,17,2013-04-28,69.0
MANABI,2013-W17,2013,17,2013-04-28,44.0
LOS RIOS,2013-W17,2013,17,2013-04-28,69.0
EL ORO,2013-W17,2013,17,2013-04-28,33.0
ESMERALDAS,2013-W17,2013,17,2013-04-28,3.0
CARCHI,2013-W17,2013,17,2013-04-28,0.0
IMBABURA,2013-W17,2013,17,2013-04-28,1.0
PICHINCHA,2013-W17,2013,17,2013-04-28,0.0
BOLIVAR,2013-W17,2013,17,2013-04-28,5.0
COTOPAXI,2013-W17,2013,17,2013-04-28,0.0
TUNGURAHUA,2013-W17,2013,17,2013-04-28,0.0
CHIMBORAZO,2013-W17,2013,17,2013-04-28,0.0
CANAR,2013-W17,2013,17,2013-04-28,10.0
AZUAY,2013-W17,2013,17,2013-04-28,3.0
LOJA,2013-W17,2013,17,2013-04-28,4.0
SUCUMBIOS,2013-W17,2013,17,2013-04-28,0.0
NAPO,2013-W17,2013,17,2013-04-28,2.0
ORELLANA,2013-W17,2013,17,2013-04-28,25.0
PASTAZA,2013-W17,2013,17,2013-04-28,0.0
MORONA SANTIAGO,2013-W17,2013,17,2013-04-28,2.0
ZAMORA CHINCHIPE,2013-W17,2013,17,2013-04-28,1.0
GUAYAS,2013-W18,2013,18,2013-05-05,67.0
MANABI,2013-W18,2013,18,2013-05-05,43.0
LOS RIOS,2013-W18,2013,18,2013-05-05,70.0
EL ORO,2013-W18,2013,18,2013-05-05,47.0
ESMERALDAS,2013-W18,2013,18,2013-05-05,4.0
CARCHI,2013-W18,2013,18,2013-05-05,0.0
IMBABURA,2013-W18,2013,18,2013-05-05,1.0
PICHINCHA,2013-W18,2013,18,2013-05-05,0.0
BOLIVAR,2013-W18,2013,18,2013-05-05,11.0
COTOPAXI,2013-W18,2013,18,2013-05-05,3.0
TUNGURAHUA,2013-W18,2013,18,2013-05-05,0.0
CHIMBORAZO,2013-W18,2013,18,2013-05-05,0.0
CANAR,2013-W18,2013,18,2013-05-05,9.0
AZUAY,2013-W18,2013,18,2013-05-05,3.0
LOJA,2013-W18,2013,18,2013-05-05,0.0
SUCUMBIOS,2013-W18,2013,18,2013-05-05,0.0
NAPO,2013-W18,2013,18,2013-05-05,5.0
ORELLANA,2013-W18,2013,18,2013-05-05,33.0
PASTAZA,2013-W18,2013,18,2013-05-05,1.0
MORONA SANTIAGO,2013-W18,2013,18,2013-05-05,1.0
ZAMORA CHINCHIPE,2013-W18,2013,18,2013-05-05,1.0
GUAYAS,2013-W19,2013,19,2013-05-12,102.0
MANABI,2013-W19,2013,19,2013-05-12,25.0
LOS RIOS,2013-W19,2013,19,2013-05-12,68.0
EL ORO,2013-W19,2013,19,2013-05-12,65.0
ESMERALDAS,2013-W19,2013,19,2013-05-12,0.0
CARCHI,2013-W19,2013,19,2013-05-12,0.0
IMBABURA,2013-W19,2013,19,2013-05-12,0.0
PICHINCHA,2013-W19,2013,19,2013-05-12,0.0
BOLIVAR,2013-W19,2013,19,2013-05-12,13.0
COTOPAXI,2013-W19,2013,19,2013-05-12,1.0
TUNGURAHUA,2013-W19,2013,19,2013-05-12,0.0
CHIMBORAZO,2013-W19,2013,19,2013-05-12,0.0
CANAR,2013-W19,2013,19,2013-05-12,8.0
AZUAY,2013-W19,2013,19,2013-05-12,1.0
LOJA,2013-W19,2013,19,2013-05-12,1.0
SUCUMBIOS,2013-W19,2013,19,2013-05-12,1.0
NAPO,2013-W19,2013,19,2013-05-12,3.0
ORELLANA,2013-W19,2013,19,2013-05-12,34.0
PASTAZA,2013-W19,2013,19,2013-05-12,2.0
MORONA SANTIAGO,2013-W19,2013,19,2013-05-12,0.0
ZAMORA CHINCHIPE,2013-W19,2013,19,2013-05-12,1.0
GUAYAS,2013-W20,2013,20,2013-05-19,142.0
MANABI,2013-W20,2013,20,2013-05-19,10.0
LOS RIOS,2013-W20,2013,20,2013-05-19,35.0
EL ORO,2013-W20,2013,20,2013-05-19,55.0
ESMERALDAS,2013-W20,2013,20,2013-05-19,2.0
CARCHI,2013-W20,2013,20,2013-05-19,0.0
IMBABURA,2013-W20,2013,20,2013-05-19,0.0
PICHINCHA,2013-W20,2013,20,2013-05-19,1.0
BOLIVAR,2013-W20,2013,20,2013-05-19,21.0
COTOPAXI,2013-W20,2013,20,2013-05-19,0.0
TUNGURAHUA,2013-W20,2013,20,2013-05-19,0.0
CHIMBORAZO,2013-W20,2013,20,2013-05-19,0.0
CANAR,2013-W20,2013,20,2013-05-19,6.0
AZUAY,2013-W20,2013,20,2013-05-19,2.0
LOJA,2013-W20,2013,20,2013-05-19,0.0
SUCUMBIOS,2013-W20,2013,20,2013-05-19,1.0
NAPO,2013-W20,2013,20,2013-05-19,3.0
ORELLANA,2013-W20,2013,20,2013-05-19,19.0
PASTAZA,2013-W20,2013,20,2013-05-19,0.0
MORONA SANTIAGO,2013-W20,2013,20,2013-05-19,7.0
ZAMORA CHINCHIPE,2013-W20,2013,20,2013-05-19,0.0
GUAYAS,2013-W21,2013,21,2013-05-26,87.0
MANABI,2013-W21,2013,21,2013-05-26,15.0
LOS RIOS,2013-W21,2013,21,2013-05-26,38.0
EL ORO,2013-W21,2013,21,2013-05-26,48.0
ESMERALDAS,2013-W21,2013,21,2013-05-26,0.0
CARCHI,2013-W21,2013,21,2013-05-26,0.0
IMBABURA,2013-W21,2013,21,2013-05-26,0.0
PICHINCHA,2013-W21,2013,21,2013-05-26,2.0
BOLIVAR,2013-W21,2013,21,2013-05-26,14.0
COTOPAXI,2013-W21,2013,21,2013-05-26,0.0
TUNGURAHUA,2013-W21,2013,21,2013-05-26,1.0
CHIMBORAZO,2013-W21,2013,21,2013-05-26,0.0
CANAR,2013-W21,2013,21,2013-05-26,4.0
AZUAY,2013-W21,2013,21,2013-05-26,0.0
LOJA,2013-W21,2013,21,2013-05-26,0.0
SUCUMBIOS,2013-W21,2013,21,2013-05-26,0.0
NAPO,2013-W21,2013,21,2013-05-26,4.0
ORELLANA,2013-W21,2013,21,2013-05-26,29.0
PASTAZA,2013-W21,2013,21,2013-05-26,2.0
MORONA SANTIAGO,2013-W21,2013,21,2013-05-26,7.0
ZAMORA CHINCHIPE,2013-W21,2013,21,2013-05-26,0.0
GUAYAS,2013-W22,2013,22,2013-06-02,56.0
MANABI,2013-W22,2013,22,2013-06-02,21.0
LOS RIOS,2013-W22,2013,22,2013-06-02,43.0
EL ORO,2013-W22,2013,22,2013-06-02,30.0
ESMERALDAS,2013-W22,2013,22,2013-06-02,3.0
CARCHI,2013-W22,2013,22,2013-06-02,0.0
IMBABURA,2013-W22,2013,22,2013-06-02,2.0
PICHINCHA,2013-W22,2013,22,2013-06-02,2.0
BOLIVAR,2013-W22,2013,22,2013-06-02,15.0
COTOPAXI,2013-W22,2013,22,2013-06-02,0.0
TUNGURAHUA,2013-W22,2013,22,2013-06-02,0.0
CHIMBORAZO,2013-W22,2013,22,2013-06-02,0.0
CANAR,2013-W22,2013,22,2013-06-02,13.0
AZUAY,2013-W22,2013,22,2013-06-02,1.0
LOJA,2013-W22,2013,22,2013-06-02,0.0
SUCUMBIOS,2013-W22,2013,22,2013-06-02,0.0
NAPO,2013-W22,2013,22,2013-06-02,5.0
ORELLANA,2013-W22,2013,22,2013-06-02,14.0
PASTAZA,2013-W22,2013,22,2013-06-02,0.0
MORONA SANTIAGO,2013-W22,2013,22,2013-06-02,7.0
ZAMORA CHINCHIPE,2013-W22,2013,22,2013-06-02,0.0
GUAYAS,2013-W23,2013,23,2013-06-09,73.0
MANABI,2013-W23,2013,23,2013-06-09,5.0
LOS RIOS,2013-W23,2013,23,2013-06-09,42.0
EL ORO,2013-W23,2013,23,2013-06-09,50.0
ESMERALDAS,2013-W23,2013,23,2013-06-09,2.0
CARCHI,2013-W23,2013,23,2013-06-09,0.0
IMBABURA,2013-W23,2013,23,2013-06-09,1.0
PICHINCHA,2013-W23,2013,23,2013-06-09,1.0
BOLIVAR,2013-W23,2013,23,2013-06-09,1.0
COTOPAXI,2013-W23,2013,23,2013-06-09,7.0
TUNGURAHUA,2013-W23,2013,23,2013-06-09,1.0
CHIMBORAZO,2013-W23,2013,23,2013-06-09,0.0
CANAR,2013-W23,2013,23,2013-06-09,0.0
AZUAY,2013-W23,2013,23,2013-06-09,12.0
LOJA,2013-W23,2013,23,2013-06-09,1.0
SUCUMBIOS,2013-W23,2013,23,2013-06-09,1.0
NAPO,2013-W23,2013,23,2013-06-09,1.0
ORELLANA,2013-W23,2013,23,2013-06-09,7.0
PASTAZA,2013-W23,2013,23,2013-06-09,27.0
MORONA SANTIAGO,2013-W23,2013,23,2013-06-09,0.0
ZAMORA CHINCHIPE,2013-W23,2013,23,2013-06-09,1.0
GUAYAS,2013-W24,2013,24,2013-06-16,54.0
MANABI,2013-W24,2013,24,2013-06-16,14.0
LOS RIOS,2013-W24,2013,24,2013-06-16,22.0
EL ORO,2013-W24,2013,24,2013-06-16,33.0
ESMERALDAS,2013-W24,2013,24,2013-06-16,6.0
CARCHI,2013-W24,2013,24,2013-06-16,0.0
IMBABURA,2013-W24,2013,24,2013-06-16,0.0
PICHINCHA,2013-W24,2013,24,2013-06-16,1.0
BOLIVAR,2013-W24,2013,24,2013-06-16,14.0
COTOPAXI,2013-W24,2013,24,2013-06-16,0.0
TUNGURAHUA,2013-W24,2013,24,2013-06-16,0.0
CHIMBORAZO,2013-W24,2013,24,2013-06-16,4.0
CANAR,2013-W24,2013,24,2013-06-16,5.0
AZUAY,2013-W24,2013,24,2013-06-16,2.0
LOJA,2013-W24,2013,24,2013-06-16,0.0
SUCUMBIOS,2013-W24,2013,24,2013-06-16,1.0
NAPO,2013-W24,2013,24,2013-06-16,3.0
ORELLANA,2013-W24,2013,24,2013-06-16,37.0
PASTAZA,2013-W24,2013,24,2013-06-16,1.0
MORONA SANTIAGO,2013-W24,2013,24,2013-06-16,9.0
ZAMORA CHINCHIPE,2013-W24,2013,24,2013-06-16,0.0
GUAYAS,2013-W25,2013,25,2013-06-23,90.0
MANABI,2013-W25,2013,25,2013-06-23,13.0
LOS RIOS,2013-W25,2013,25,2013-06-23,26.0
EL ORO,2013-W25,2013,25,2013-06-23,26.0
ESMERALDAS,2013-W25,2013,25,2013-06-23,3.0
CARCHI,2013-W25,2013,25,2013-06-23,0.0
IMBABURA,2013-W25,2013,25,2013-06-23,0.0
PICHINCHA,2013-W25,2013,25,2013-06-23,1.0
BOLIVAR,2013-W25,2013,25,2013-06-23,2.0
COTOPAXI,2013-W25,2013,25,2013-06-23,0.0
TUNGURAHUA,2013-W25,2013,25,2013-06-23,0.0
CHIMBORAZO,2013-W25,2013,25,2013-06-23,0.0
CANAR,2013-W25,2013,25,2013-06-23,3.0
AZUAY,2013-W25,2013,25,2013-06-23,1.0
LOJA,2013-W25,2013,25,2013-06-23,0.0
SUCUMBIOS,2013-W25,2013,25,2013-06-23,1.0
NAPO,2013-W25,2013,25,2013-06-23,1.0
ORELLANA,2013-W25,2013,25,2013-06-23,23.0
PASTAZA,2013-W25,2013,25,2013-06-23,0.0
MORONA SANTIAGO,2013-W25,2013,25,2013-06-23,13.0
ZAMORA CHINCHIPE,2013-W25,2013,25,2013-06-23,1.0
GUAYAS,2013-W27,2013,27,2013-07-07,63.0
MANABI,2013-W27,2013,27,2013-07-07,4.0
LOS RIOS,2013-W27,2013,27,2013-07-07,20.0
EL ORO,2013-W27,2013,27,2013-07-07,22.0
ESMERALDAS,2013-W27,2013,27,2013-07-07,5.0
CARCHI,2013-W27,2013,27,2013-07-07,0.0
IMBABURA,2013-W27,2013,27,2013-07-07,0.0
PICHINCHA,2013-W27,2013,27,2013-07-07,4.0
BOLIVAR,2013-W27,2013,27,2013-07-07,0.0
COTOPAXI,2013-W27,2013,27,2013-07-07,0.0
TUNGURAHUA,2013-W27,2013,27,2013-07-07,0.0
CHIMBORAZO,2013-W27,2013,27,2013-07-07,0.0
CANAR,2013-W27,2013,27,2013-07-07,3.0
AZUAY,2013-W27,2013,27,2013-07-07,0.0
LOJA,2013-W27,2013,27,2013-07-07,0.0
SUCUMBIOS,2013-W27,2013,27,2013-07-07,0.0
NAPO,2013-W27,2013,27,2013-07-07,3.0
ORELLANA,2013-W27,2013,27,2013-07-07,18.0
PASTAZA,2013-W27,2013,27,2013-07-07,0.0
MORONA SANTIAGO,2013-W27,2013,27,2013-07-07,10.0
ZAMORA CHINCHIPE,2013-W27,2013,27,2013-07-07,0.0
GUAYAS,2013-W28,2013,28,2013-07-14,41.0
MANABI,2013-W28,2013,28,2013-07-14,6.0
LOS RIOS,2013-W28,2013,28,2013-07-14,37.0
EL ORO,2013-W28,2013,28,2013-07-14,20.0
ESMERALDAS,2013-W28,2013,28,2013-07-14,6.0
CARCHI,2013-W28,2013,28,2013-07-14,0.0
IMBABURA,2013-W28,2013,28,2013-07-14,0.0
PICHINCHA,2013-W28,2013,28,2013-07-14,3.0
BOLIVAR,2013-W28,2013,28,2013-07-14,0.0
COTOPAXI,2013-W28,2013,28,2013-07-14,0.0
TUNGURAHUA,2013-W28,2013,28,2013-07-14,0.0
CHIMBORAZO,2013-W28,2013,28,2013-07-14,0.0
CANAR,2013-W28,2013,28,2013-07-14,5.0
AZUAY,2013-W28,2013,28,2013-07-14,0.0
LOJA,2013-W28,2013,28,2013-07-14,2.0
SUCUMBIOS,2013-W28,2013,28,2013-07-14,4.0
NAPO,2013-W28,2013,28,2013-07-14,1.0
ORELLANA,2013-W28,2013,28,2013-07-14,8.0
PASTAZA,2013-W28,2013,28,2013-07-14,0.0
MORONA SANTIAGO,2013-W28,2013,28,2013-07-14,10.0
ZAMORA CHINCHIPE,2013-W28,2013,28,2013-07-14,0.0
GUAYAS,2013-W29,2013,29,2013-07-21,67.0
MANABI,2013-W29,2013,29,2013-07-21,7.0
LOS RIOS,2013-W29,2013,29,2013-07-21,18.0
EL ORO,2013-W29,2013,29,2013-07-21,9.0
ESMERALDAS,2013-W29,2013,29,2013-07-21,2.0
CARCHI,2013-W29,2013,29,2013-07-21,0.0
IMBABURA,2013-W29,2013,29,2013-07-21,0.0
PICHINCHA,2013-W29,2013,29,2013-07-21,0.0
BOLIVAR,2013-W29,2013,29,2013-07-21,6.0
COTOPAXI,2013-W29,2013,29,2013-07-21,0.0
TUNGURAHUA,2013-W29,2013,29,2013-07-21,0.0
CHIMBORAZO,2013-W29,2013,29,2013-07-21,0.0
CANAR,2013-W29,2013,29,2013-07-21,3.0
AZUAY,2013-W29,2013,29,2013-07-21,0.0
LOJA,2013-W29,2013,29,2013-07-21,0.0
SUCUMBIOS,2013-W29,2013,29,2013-07-21,2.0
NAPO,2013-W29,2013,29,2013-07-21,7.0
ORELLANA,2013-W29,2013,29,2013-07-21,6.0
PASTAZA,2013-W29,2013,29,2013-07-21,0.0
MORONA SANTIAGO,2013-W29,2013,29,2013-07-21,5.0
ZAMORA CHINCHIPE,2013-W29,2013,29,2013-07-21,2.0
GUAYAS,2013-W30,2013,30,2013-07-28,59.0
MANABI,2013-W30,2013,30,2013-07-28,2.0
LOS RIOS,2013-W30,2013,30,2013-07-28,12.0
EL ORO,2013-W30,2013,30,2013-07-28,21.0
ESMERALDAS,2013-W30,2013,30,2013-07-28,3.0
CARCHI,2013-W30,2013,30,2013-07-28,0.0
IMBABURA,2013-W30,2013,30,2013-07-28,0.0
PICHINCHA,2013-W30,2013,30,2013-07-28,0.0
BOLIVAR,2013-W30,2013,30,2013-07-28,1.0
COTOPAXI,2013-W30,2013,30,2013-07-28,0.0
TUNGURAHUA,2013-W30,2013,30,2013-07-28,0.0
CHIMBORAZO,2013-W30,2013,30,2013-07-28,0.0
CANAR,2013-W30,2013,30,2013-07-28,2.0
AZUAY,2013-W30,2013,30,2013-07-28,0.0
LOJA,2013-W30,2013,30,2013-07-28,1.0
SUCUMBIOS,2013-W30,2013,30,2013-07-28,12.0
NAPO,2013-W30,2013,30,2013-07-28,1.0
ORELLANA,2013-W30,2013,30,2013-07-28,3.0
PASTAZA,2013-W30,2013,30,2013-07-28,0.0
MORONA SANTIAGO,2013-W30,2013,30,2013-07-28,5.0
ZAMORA CHINCHIPE,2013-W30,2013,30,2013-07-28,1.0
GUAYAS,2013-W32,2013,32,2013-08-11,39.0
MANABI,2013-W32,2013,32,2013-08-11,6.0
LOS RIOS,2013-W32,2013,32,2013-08-11,9.0
EL ORO,2013-W32,2013,32,2013-08-11,8.0
ESMERALDAS,2013-W32,2013,32,2013-08-11,4.0
CARCHI,2013-W32,2013,32,2013-08-11,0.0
IMBABURA,2013-W32,2013,32,2013-08-11,2.0
PICHINCHA,2013-W32,2013,32,2013-08-11,0.0
BOLIVAR,2013-W32,2013,32,2013-08-11,0.0
COTOPAXI,2013-W32,2013,32,2013-08-11,0.0
TUNGURAHUA,2013-W32,2013,32,2013-08-11,0.0
CHIMBORAZO,2013-W32,2013,32,2013-08-11,0.0
CANAR,2013-W32,2013,32,2013-08-11,2.0
AZUAY,2013-W32,2013,32,2013-08-11,0.0
LOJA,2013-W32,2013,32,2013-08-11,0.0
SUCUMBIOS,2013-W32,2013,32,2013-08-11,0.0
NAPO,2013-W32,2013,32,2013-08-11,0.0
ORELLANA,2013-W32,2013,32,2013-08-11,4.0
PASTAZA,2013-W32,2013,32,2013-08-11,0.0
MORONA SANTIAGO,2013-W32,2013,32,2013-08-11,10.0
ZAMORA CHINCHIPE,2013-W32,2013,32,2013-08-11,0.0
GUAYAS,2013-W34,2013,34,2013-08-25,40.0
MANABI,2013-W34,2013,34,2013-08-25,2.0
LOS RIOS,2013-W34,2013,34,2013-08-25,6.0
EL ORO,2013-W34,2013,34,2013-08-25,6.0
ESMERALDAS,2013-W34,2013,34,2013-08-25,2.0
CARCHI,2013-W34,2013,34,2013-08-25,0.0
IMBABURA,2013-W34,2013,34,2013-08-25,1.0
PICHINCHA,2013-W34,2013,34,2013-08-25,1.0
BOLIVAR,2013-W34,2013,34,2013-08-25,0.0
COTOPAXI,2013-W34,2013,34,2013-08-25,0.0
TUNGURAHUA,2013-W34,2013,34,2013-08-25,0.0
CHIMBORAZO,2013-W34,2013,34,2013-08-25,1.0
CANAR,2013-W34,2013,34,2013-08-25,1.0
AZUAY,2013-W34,2013,34,2013-08-25,0.0
LOJA,2013-W34,2013,34,2013-08-25,0.0
SUCUMBIOS,2013-W34,2013,34,2013-08-25,0.0
NAPO,2013-W34,2013,34,2013-08-25,0.0
ORELLANA,2013-W34,2013,34,2013-08-25,4.0
PASTAZA,2013-W34,2013,34,2013-08-25,0.0
MORONA SANTIAGO,2013-W34,2013,34,2013-08-25,10.0
ZAMORA CHINCHIPE,2013-W34,2013,34,2013-08-25,0.0
GUAYAS,2013-W37,2013,37,2013-09-15,22.0
MANABI,2013-W37,2013,37,2013-09-15,4.0
LOS RIOS,2013-W37,2013,37,2013-09-15,3.0
EL ORO,2013-W37,2013,37,2013-09-15,20.0
ESMERALDAS,2013-W37,2013,37,2013-09-15,8.0
CARCHI,2013-W37,2013,37,2013-09-15,0.0
IMBABURA,2013-W37,2013,37,2013-09-15,2.0
PICHINCHA,2013-W37,2013,37,2013-09-15,6.0
BOLIVAR,2013-W37,2013,37,2013-09-15,0.0
COTOPAXI,2013-W37,2013,37,2013-09-15,0.0
TUNGURAHUA,2013-W37,2013,37,2013-09-15,0.0
CHIMBORAZO,2013-W37,2013,37,2013-09-15,0.0
CANAR,2013-W37,2013,37,2013-09-15,1.0
AZUAY,2013-W37,2013,37,2013-09-15,0.0
LOJA,2013-W37,2013,37,2013-09-15,0.0
SUCUMBIOS,2013-W37,2013,37,2013-09-15,2.0
NAPO,2013-W37,2013,37,2013-09-15,0.0
ORELLANA,2013-W37,2013,37,2013-09-15,0.0
PASTAZA,2013-W37,2013,37,2013-09-15,0.0
MORONA SANTIAGO,2013-W37,2013,37,2013-09-15,0.0
ZAMORA CHINCHIPE,2013-W37,2013,37,2013-09-15,0.0
GUAYAS,2013-W38,2013,38,2013-09-22,10.0
MANABI,2013-W38,2013,38,2013-09-22,2.0
LOS RIOS,2013-W38,2013,38,2013-09-22,5.0
EL ORO,2013-W38,2013,38,2013-09-22,11.0
ESMERALDAS,2013-W38,2013,38,2013-09-22,14.0
CARCHI,2013-W38,2013,38,2013-09-22,0.0
IMBABURA,2013-W38,2013,38,2013-09-22,0.0
PICHINCHA,2013-W38,2013,38,2013-09-22,2.0
BOLIVAR,2013-W38,2013,38,2013-09-22,0.0
COTOPAXI,2013-W38,2013,38,2013-09-22,0.0
TUNGURAHUA,2013-W38,2013,38,2013-09-22,0.0
CHIMBORAZO,2013-W38,2013,38,2013-09-22,0.0
CANAR,2013-W38,2013,38,2013-09-22,1.0
AZUAY,2013-W38,2013,38,2013-09-22,1.0
LOJA,2013-W38,2013,38,2013-09-22,1.0
SUCUMBIOS,2013-W38,2013,38,2013-09-22,0.0
NAPO,2013-W38,2013,38,2013-09-22,0.0
ORELLANA,2013-W38,2013,38,2013-09-22,0.0
PASTAZA,2013-W38,2013,38,2013-09-22,0.0
MORONA SANTIAGO,2013-W38,2013,38,2013-09-22,5.0
ZAMORA CHINCHIPE,2013-W38,2013,38,2013-09-22,0.0
GUAYAS,2013-W43,2013,43,2013-10-27,3.0
MANABI,2013-W43,2013,43,2013-10-27,16.0
LOS RIOS,2013-W43,2013,43,2013-10-27,3.0
EL ORO,2013-W43,2013,43,2013-10-27,7.0
SUCUMBIOS,2013-W43,2013,43,2013-10-27,23.0
NAPO,2013-W43,2013,43,2013-10-27,3.0
PASTAZA,2013-W43,2013,43,2013-10-27,1.0
MORONA SANTIAGO,2013-W43,2013,43,2013-10-27,1.0
EL ORO,2017-W52,2017,52,2017-12-31,1.0
ESMERALDAS,2017-W52,2017,52,2017-12-31,1.0
GUAYAS,2017-W52,2017,52,2017-12-31,3.0
LOS RIOS,2017-W52,2017,52,2017-12-31,1.0
MANABI,2017-W52,2017,52,2017-12-31,1.0
MORONA SANTIAGO,2017-W52,2017,52,2017-12-31,1.0
NAPO,2017-W52,2017,52,2017-12-31,1.0
ORELLANA,2017-W52,2017,52,2017-12-31,1.0
PICHINCHA,2017-W52,2017,52,2017-12-31,3.0
SUCUMBIOS,2017-W52,2017,52,2017-12-31,3.0
AZUAY,2018-W01,2018,1,2018-01-07,1.0
EL ORO,2018-W01,2018,1,2018-01-07,9.0
ESMERALDAS,2018-W01,2018,1,2018-01-07,1.0
GUAYAS,2018-W01,2018,1,2018-01-07,3.0
LOS RIOS,2018-W01,2018,1,2018-01-07,1.0
MANABI,2018-W01,2018,1,2018-01-07,6.0
MORONA SANTIAGO,2018-W01,2018,1,2018-01-07,1.0
NAPO,2018-W01,2018,1,2018-01-07,1.0
ORELLANA,2018-W01,2018,1,2018-01-07,3.0
PICHINCHA,2018-W01,2018,1,2018-01-07,3.0
AZUAY,2018-W02,2018,2,2018-01-14,1.0
CANAR,2018-W02,2018,2,2018-01-14,1.0
EL ORO,2018-W02,2018,2,2018-01-14,3.0
ESMERALDAS,2018-W02,2018,2,2018-01-14,3.0
GUAYAS,2018-W02,2018,2,2018-01-14,6.0
LOS RIOS,2018-W02,2018,2,2018-01-14,3.0
MANABI,2018-W02,2018,2,2018-01-14,3.0
MORONA SANTIAGO,2018-W02,2018,2,2018-01-14,3.0
NAPO,2018-W02,2018,2,2018-01-14,2.0
ORELLANA,2018-W02,2018,2,2018-01-14,1.0
EL ORO,2018-W03,2018,3,2018-01-21,6.0
ESMERALDAS,2018-W03,2018,3,2018-01-21,3.0
GUAYAS,2018-W03,2018,3,2018-01-21,6.0
LOS RIOS,2018-W03,2018,3,2018-01-21,3.0
MANABI,2018-W03,2018,3,2018-01-21,3.0
MORONA SANTIAGO,2018-W03,2018,3,2018-01-21,1.0
NAPO,2018-W03,2018,3,2018-01-21,1.0
ORELLANA,2018-W03,2018,3,2018-01-21,1.0
PICHINCHA,2018-W03,2018,3,2018-01-21,1.0
SUCUMBIOS,2018-W03,2018,3,2018-01-21,1.0
EL ORO,2018-W04,2018,4,2018-01-28,8.0
ESMERALDAS,2018-W04,2018,4,2018-01-28,1.0
GUAYAS,2018-W04,2018,4,2018-01-28,6.0
LOJA,2018-W04,2018,4,2018-01-28,1.0
LOS RIOS,2018-W04,2018,4,2018-01-28,1.0
MANABI,2018-W04,2018,4,2018-01-28,6.0
MORONA SANTIAGO,2018-W04,2018,4,2018-01-28,3.0
NAPO,2018-W04,2018,4,2018-01-28,1.0
ORELLANA,2018-W04,2018,4,2018-01-28,1.0
SUCUMBIOS,2018-W04,2018,4,2018-01-28,1.0
EL ORO,2018-W05,2018,5,2018-02-04,1.0
ESMERALDAS,2018-W05,2018,5,2018-02-04,3.0
GALAPAGOS,2018-W05,2018,5,2018-02-04,1.0
GUAYAS,2018-W05,2018,5,2018-02-04,3.0
LOJA,2018-W05,2018,5,2018-02-04,1.0
LOS RIOS,2018-W05,2018,5,2018-02-04,3.0
MANABI,2018-W05,2018,5,2018-02-04,6.0
MORONA SANTIAGO,2018-W05,2018,5,2018-02-04,1.0
NAPO,2018-W05,2018,5,2018-02-04,1.0
ORELLANA,2018-W05,2018,5,2018-02-04,1.0
PICHINCHA,2018-W05,2018,5,2018-02-04,1.0
SUCUMBIOS,2018-W05,2018,5,2018-02-04,1.0
AZUAY,2018-W06,2018,6,2018-02-11,1.0
CANAR,2018-W06,2018,6,2018-02-11,1.0
EL ORO,2018-W06,2018,6,2018-02-11,3.0
ESMERALDAS,2018-W06,2018,6,2018-02-11,1.0
GUAYAS,2018-W06,2018,6,2018-02-11,1.0
LOS RIOS,2018-W06,2018,6,2018-02-11,7.0
MANABI,2018-W06,2018,6,2018-02-11,6.0
MORONA SANTIAGO,2018-W06,2018,6,2018-02-11,3.0
NAPO,2018-W06,2018,6,2018-02-11,2.0
ORELLANA,2018-W06,2018,6,2018-02-11,1.0
PICHINCHA,2018-W06,2018,6,2018-02-11,1.0
SUCUMBIOS,2018-W06,2018,6,2018-02-11,1.0
BOLIVAR,2018-W07,2018,7,2018-02-18,1.0
EL ORO,2018-W07,2018,7,2018-02-18,1.0
GUAYAS,2018-W07,2018,7,2018-02-18,6.0
LOS RIOS,2018-W07,2018,7,2018-02-18,1.0
MANABI,2018-W07,2018,7,2018-02-18,6.0
MORONA SANTIAGO,2018-W07,2018,7,2018-02-18,2.0
NAPO,2018-W07,2018,7,2018-02-18,1.0
ORELLANA,2018-W07,2018,7,2018-02-18,1.0
PICHINCHA,2018-W07,2018,7,2018-02-18,1.0
SUCUMBIOS,2018-W07,2018,7,2018-02-18,1.0
TUNGURAHUA,2018-W07,2018,7,2018-02-18,1.0
EL ORO,2018-W08,2018,8,2018-02-25,3.0
ESMERALDAS,2018-W08,2018,8,2018-02-25,3.0
GUAYAS,2018-W08,2018,8,2018-02-25,24.0
LOS RIOS,2018-W08,2018,8,2018-02-25,3.0
MANABI,2018-W08,2018,8,2018-02-25,6.0
MORONA SANTIAGO,2018-W08,2018,8,2018-02-25,3.0
NAPO,2018-W08,2018,8,2018-02-25,1.0
PICHINCHA,2018-W08,2018,8,2018-02-25,1.0
AZUAY,2018-W09,2018,9,2018-03-04,1.0
EL ORO,2018-W09,2018,9,2018-03-04,22.0
ESMERALDAS,2018-W09,2018,9,2018-03-04,1.0
GUAYAS,2018-W09,2018,9,2018-03-04,3.0
LOS RIOS,2018-W09,2018,9,2018-03-04,1.0
MANABI,2018-W09,2018,9,2018-03-04,6.0
MORONA SANTIAGO,2018-W09,2018,9,2018-03-04,3.0
NAPO,2018-W09,2018,9,2018-03-04,1.0
ORELLANA,2018-W09,2018,9,2018-03-04,1.0
PICHINCHA,2018-W09,2018,9,2018-03-04,1.0
EL ORO,2018-W10,2018,10,2018-03-11,1.0
ESMERALDAS,2018-W10,2018,10,2018-03-11,1.0
GUAYAS,2018-W10,2018,10,2018-03-11,6.0
LOS RIOS,2018-W10,2018,10,2018-03-11,1.0
MANABI,2018-W10,2018,10,2018-03-11,3.0
MORONA SANTIAGO,2018-W10,2018,10,2018-03-11,1.0
NAPO,2018-W10,2018,10,2018-03-11,1.0
ORELLANA,2018-W10,2018,10,2018-03-11,1.0
SUCUMBIOS,2018-W10,2018,10,2018-03-11,1.0
BOLIVAR,2018-W11,2018,11,2018-03-18,1.0
EL ORO,2018-W11,2018,11,2018-03-18,3.0
ESMERALDAS,2018-W11,2018,11,2018-03-18,1.0
GUAYAS,2018-W11,2018,11,2018-03-18,4.0
LOS RIOS,2018-W11,2018,11,2018-03-18,1.0
MANABI,2018-W11,2018,11,2018-03-18,1.0
MORONA SANTIAGO,2018-W11,2018,11,2018-03-18,6.0
NAPO,2018-W11,2018,11,2018-03-18,4.0
ORELLANA,2018-W11,2018,11,2018-03-18,1.0
PICHINCHA,2018-W11,2018,11,2018-03-18,1.0
EL ORO,2018-W12,2018,12,2018-03-25,5.0
ESMERALDAS,2018-W12,2018,12,2018-03-25,1.0
GUAYAS,2018-W12,2018,12,2018-03-25,3.0
LOS RIOS,2018-W12,2018,12,2018-03-25,1.0
MANABI,2018-W12,2018,12,2018-03-25,5.0
MORONA SANTIAGO,2018-W12,2018,12,2018-03-25,1.0
NAPO,2018-W12,2018,12,2018-03-25,1.0
ORELLANA,2018-W12,2018,12,2018-03-25,1.0
PICHINCHA,2018-W12,2018,12,2018-03-25,1.0
SUCUMBIOS,2018-W12,2018,12,2018-03-25,1.0
CHIMBORAZO,2018-W13,2018,13,2018-04-01,1.0
EL ORO,2018-W13,2018,13,2018-04-01,3.0
ESMERALDAS,2018-W13,2018,13,2018-04-01,1.0
GUAYAS,2018-W13,2018,13,2018-04-01,4.0
LOS RIOS,2018-W13,2018,13,2018-04-01,1.0
MANABI,2018-W13,2018,13,2018-04-01,4.0
MORONA SANTIAGO,2018-W13,2018,13,2018-04-01,3.0
NAPO,2018-W13,2018,13,2018-04-01,3.0
ORELLANA,2018-W13,2018,13,2018-04-01,1.0
PICHINCHA,2018-W13,2018,13,2018-04-01,1.0
CHIMBORAZO,2018-W14,2018,14,2018-04-08,1.0
EL ORO,2018-W14,2018,14,2018-04-08,3.0
ESMERALDAS,2018-W14,2018,14,2018-04-08,1.0
GUAYAS,2018-W14,2018,14,2018-04-08,1.0
LOS RIOS,2018-W14,2018,14,2018-04-08,1.0
MANABI,2018-W14,2018,14,2018-04-08,6.0
MORONA SANTIAGO,2018-W14,2018,14,2018-04-08,3.0
NAPO,2018-W14,2018,14,2018-04-08,3.0
ORELLANA,2018-W14,2018,14,2018-04-08,1.0
PICHINCHA,2018-W14,2018,14,2018-04-08,1.0
CHIMBORAZO,2018-W15,2018,15,2018-04-15,1.0
EL ORO,2018-W15,2018,15,2018-04-15,1.0
ESMERALDAS,2018-W15,2018,15,2018-04-15,1.0
GUAYAS,2018-W15,2018,15,2018-04-15,3.0
LOS RIOS,2018-W15,2018,15,2018-04-15,1.0
MANABI,2018-W15,2018,15,2018-04-15,4.0
MORONA SANTIAGO,2018-W15,2018,15,2018-04-15,3.0
NAPO,2018-W15,2018,15,2018-04-15,3.0
ORELLANA,2018-W15,2018,15,2018-04-15,2.0
PICHINCHA,2018-W15,2018,15,2018-04-15,1.0
EL ORO,2018-W16,2018,16,2018-04-22,1.0
ESMERALDAS,2018-W16,2018,16,2018-04-22,3.0
GALAPAGOS,2018-W16,2018,16,2018-04-22,1.0
GUAYAS,2018-W16,2018,16,2018-04-22,3.0
LOS RIOS,2018-W16,2018,16,2018-04-22,3.0
MANABI,2018-W16,2018,16,2018-04-22,3.0
MORONA SANTIAGO,2018-W16,2018,16,2018-04-22,1.0
NAPO,2018-W16,2018,16,2018-04-22,1.0
ORELLANA,2018-W16,2018,16,2018-04-22,1.0
SUCUMBIOS,2018-W16,2018,16,2018-04-22,1.0
CHIMBORAZO,2018-W17,2018,17,2018-04-29,1.0
EL ORO,2018-W17,2018,17,2018-04-29,5.0
ESMERALDAS,2018-W17,2018,17,2018-04-29,1.0
GUAYAS,2018-W17,2018,17,2018-04-29,6.0
LOS RIOS,2018-W17,2018,17,2018-04-29,1.0
MANABI,2018-W17,2018,17,2018-04-29,3.0
MORONA SANTIAGO,2018-W17,2018,17,2018-04-29,1.0
NAPO,2018-W17,2018,17,2018-04-29,3.0
ORELLANA,2018-W17,2018,17,2018-04-29,1.0
PICHINCHA,2018-W17,2018,17,2018-04-29,1.0
AZUAY,2018-W18,2018,18,2018-05-06,1.0
CANAR,2018-W18,2018,18,2018-05-06,1.0
EL ORO,2018-W18,2018,18,2018-05-06,3.0
ESMERALDAS,2018-W18,2018,18,2018-05-06,1.0
GUAYAS,2018-W18,2018,18,2018-05-06,1.0
LOS RIOS,2018-W18,2018,18,2018-05-06,1.0
MANABI,2018-W18,2018,18,2018-05-06,3.0
MORONA SANTIAGO,2018-W18,2018,18,2018-05-06,3.0
NAPO,2018-W18,2018,18,2018-05-06,1.0
ORELLANA,2018-W18,2018,18,2018-05-06,1.0
PICHINCHA,2018-W18,2018,18,2018-05-06,1.0
ZAMORA CHINCHIPE,2018-W18,2018,18,2018-05-06,1.0
COTOPAXI,2018-W19,2018,19,2018-05-13,1.0
EL ORO,2018-W19,2018,19,2018-05-13,1.0
ESMERALDAS,2018-W19,2018,19,2018-05-13,1.0
GALAPAGOS,2018-W19,2018,19,2018-05-13,1.0
GUAYAS,2018-W19,2018,19,2018-05-13,1.0
LOS RIOS,2018-W19,2018,19,2018-05-13,1.0
MANABI,2018-W19,2018,19,2018-05-13,3.0
MORONA SANTIAGO,2018-W19,2018,19,2018-05-13,3.0
NAPO,2018-W19,2018,19,2018-05-13,1.0
ORELLANA,2018-W19,2018,19,2018-05-13,1.0
PICHINCHA,2018-W19,2018,19,2018-05-13,1.0
SUCUMBIOS,2018-W19,2018,19,2018-05-13,1.0
AZUAY,2018-W20,2018,20,2018-05-20,1.0
CANAR,2018-W20,2018,20,2018-05-20,1.0
EL ORO,2018-W20,2018,20,2018-05-20,3.0
ESMERALDAS,2018-W20,2018,20,2018-05-20,3.0
GUAYAS,2018-W20,2018,20,2018-05-20,1.0
LOS RIOS,2018-W20,2018,20,2018-05-20,1.0
MANABI,2018-W20,2018,20,2018-05-20,3.0
MORONA SANTIAGO,2018-W20,2018,20,2018-05-20,3.0
NAPO,2018-W20,2018,20,2018-05-20,6.0
ORELLANA,2018-W20,2018,20,2018-05-20,1.0
PICHINCHA,2018-W20,2018,20,2018-05-20,1.0
SUCUMBIOS,2018-W20,2018,20,2018-05-20,1.0
TUNGURAHUA,2018-W20,2018,20,2018-05-20,1.0
CHIMBORAZO,2018-W21,2018,21,2018-05-27,1.0
AZUAY,2018-W21,2018,21,2018-05-27,1.0
EL ORO,2018-W21,2018,21,2018-05-27,6.0
ESMERALDAS,2018-W21,2018,21,2018-05-27,3.0
GALAPAGOS,2018-W21,2018,21,2018-05-27,1.0
GUAYAS,2018-W21,2018,21,2018-05-27,1.0
LOS RIOS,2018-W21,2018,21,2018-05-27,1.0
MANABI,2018-W21,2018,21,2018-05-27,3.0
MORONA SANTIAGO,2018-W21,2018,21,2018-05-27,11.0
NAPO,2018-W21,2018,21,2018-05-27,1.0
ORELLANA,2018-W21,2018,21,2018-05-27,1.0
PICHINCHA,2018-W21,2018,21,2018-05-27,1.0
SUCUMBIOS,2018-W21,2018,21,2018-05-27,1.0
CHIMBORAZO,2018-W22,2018,22,2018-06-03,1.0
AZUAY,2018-W22,2018,22,2018-06-03,1.0
EL ORO,2018-W22,2018,22,2018-06-03,3.0
ESMERALDAS,2018-W22,2018,22,2018-06-03,1.0
GALAPAGOS,2018-W22,2018,22,2018-06-03,1.0
GUAYAS,2018-W22,2018,22,2018-06-03,3.0
LOS RIOS,2018-W22,2018,22,2018-06-03,1.0
MANABI,2018-W22,2018,22,2018-06-03,3.0
MORONA SANTIAGO,2018-W22,2018,22,2018-06-03,3.0
ORELLANA,2018-W22,2018,22,2018-06-03,1.0
PICHINCHA,2018-W22,2018,22,2018-06-03,1.0
SUCUMBIOS,2018-W22,2018,22,2018-06-03,1.0
CANAR,2018-W23,2018,23,2018-06-10,1.0
EL ORO,2018-W23,2018,23,2018-06-10,1.0
ESMERALDAS,2018-W23,2018,23,2018-06-10,1.0
GUAYAS,2018-W23,2018,23,2018-06-10,3.0
LOJA,2018-W23,2018,23,2018-06-10,1.0
LOS RIOS,2018-W23,2018,23,2018-06-10,1.0
MANABI,2018-W23,2018,23,2018-06-10,1.0
MORONA SANTIAGO,2018-W23,2018,23,2018-06-10,3.0
NAPO,2018-W23,2018,23,2018-06-10,3.0
ORELLANA,2018-W23,2018,23,2018-06-10,3.0
PICHINCHA,2018-W23,2018,23,2018-06-10,1.0
EL ORO,2018-W24,2018,24,2018-06-17,1.0
ESMERALDAS,2018-W24,2018,24,2018-06-17,3.0
GALAPAGOS,2018-W24,2018,24,2018-06-17,2.0
GUAYAS,2018-W24,2018,24,2018-06-17,3.0
LOJA,2018-W24,2018,24,2018-06-17,1.0
LOS RIOS,2018-W24,2018,24,2018-06-17,1.0
MANABI,2018-W24,2018,24,2018-06-17,1.0
MORONA SANTIAGO,2018-W24,2018,24,2018-06-17,3.0
NAPO,2018-W24,2018,24,2018-06-17,1.0
ORELLANA,2018-W24,2018,24,2018-06-17,1.0
PICHINCHA,2018-W24,2018,24,2018-06-17,1.0
SUCUMBIOS,2018-W24,2018,24,2018-06-17,1.0
ZAMORA CHINCHIPE,2018-W24,2018,24,2018-06-17,1.0
AZUAY,2018-W25,2018,25,2018-06-24,1.0
CANAR,2018-W25,2018,25,2018-06-24,1.0
EL ORO,2018-W25,2018,25,2018-06-24,6.0
ESMERALDAS,2018-W25,2018,25,2018-06-24,1.0
GUAYAS,2018-W25,2018,25,2018-06-24,1.0
LOJA,2018-W25,2018,25,2018-06-24,1.0
LOS RIOS,2018-W25,2018,25,2018-06-24,1.0
MANABI,2018-W25,2018,25,2018-06-24,5.0
MORONA SANTIAGO,2018-W25,2018,25,2018-06-24,3.0
NAPO,2018-W25,2018,25,2018-06-24,1.0
ORELLANA,2018-W25,2018,25,2018-06-24,1.0
PICHINCHA,2018-W25,2018,25,2018-06-24,3.0
EL ORO,2018-W26,2018,26,2018-07-01,1.0
ESMERALDAS,2018-W26,2018,26,2018-07-01,6.0
GUAYAS,2018-W26,2018,26,2018-07-01,1.0
LOJA,2018-W26,2018,26,2018-07-01,1.0
LOS RIOS,2018-W26,2018,26,2018-07-01,1.0
MANABI,2018-W26,2018,26,2018-07-01,3.0
MORONA SANTIAGO,2018-W26,2018,26,2018-07-01,1.0
NAPO,2018-W26,2018,26,2018-07-01,1.0
ORELLANA,2018-W26,2018,26,2018-07-01,1.0
SUCUMBIOS,2018-W26,2018,26,2018-07-01,1.0
ZAMORA CHINCHIPE,2018-W26,2018,26,2018-07-01,1.0
EL ORO,2018-W27,2018,27,2018-07-08,1.0
ESMERALDAS,2018-W27,2018,27,2018-07-08,6.0
GUAYAS,2018-W27,2018,27,2018-07-08,1.0
LOJA,2018-W27,2018,27,2018-07-08,3.0
LOS RIOS,2018-W27,2018,27,2018-07-08,1.0
MANABI,2018-W27,2018,27,2018-07-08,3.0
MORONA SANTIAGO,2018-W27,2018,27,2018-07-08,1.0
NAPO,2018-W27,2018,27,2018-07-08,1.0
ORELLANA,2018-W27,2018,27,2018-07-08,1.0
PICHINCHA,2018-W27,2018,27,2018-07-08,1.0
SUCUMBIOS,2018-W27,2018,27,2018-07-08,5.0
ZAMORA CHINCHIPE,2018-W27,2018,27,2018-07-08,1.0
AZUAY,2018-W28,2018,28,2018-07-15,1.0
ESMERALDAS,2018-W28,2018,28,2018-07-15,1.0
GUAYAS,2018-W28,2018,28,2018-07-15,3.0
LOJA,2018-W28,2018,28,2018-07-15,1.0
LOS RIOS,2018-W28,2018,28,2018-07-15,1.0
MANABI,2018-W28,2018,28,2018-07-15,1.0
MORONA SANTIAGO,2018-W28,2018,28,2018-07-15,1.0
NAPO,2018-W28,2018,28,2018-07-15,1.0
ORELLANA,2018-W28,2018,28,2018-07-15,1.0
PICHINCHA,2018-W28,2018,28,2018-07-15,1.0
SUCUMBIOS,2018-W28,2018,28,2018-07-15,1.0
EL ORO,2018-W29,2018,29,2018-07-22,7.0
ESMERALDAS,2018-W29,2018,29,2018-07-22,6.0
GUAYAS,2018-W29,2018,29,2018-07-22,5.0
LOJA,2018-W29,2018,29,2018-07-22,1.0
LOS RIOS,2018-W29,2018,29,2018-07-22,1.0
MANABI,2018-W29,2018,29,2018-07-22,3.0
MORONA SANTIAGO,2018-W29,2018,29,2018-07-22,1.0
ORELLANA,2018-W29,2018,29,2018-07-22,1.0
PICHINCHA,2018-W29,2018,29,2018-07-22,1.0
SUCUMBIOS,2018-W29,2018,29,2018-07-22,1.0
EL ORO,2018-W30,2018,30,2018-07-29,1.0
ESMERALDAS,2018-W30,2018,30,2018-07-29,1.0
GUAYAS,2018-W30,2018,30,2018-07-29,1.0
LOJA,2018-W30,2018,30,2018-07-29,1.0
LOS RIOS,2018-W30,2018,30,2018-07-29,1.0
MANABI,2018-W30,2018,30,2018-07-29,3.0
MORONA SANTIAGO,2018-W30,2018,30,2018-07-29,1.0
NAPO,2018-W30,2018,30,2018-07-29,1.0
ORELLANA,2018-W30,2018,30,2018-07-29,1.0
PICHINCHA,2018-W30,2018,30,2018-07-29,2.0
SUCUMBIOS,2018-W30,2018,30,2018-07-29,1.0
ESMERALDAS,2018-W31,2018,31,2018-08-05,1.0
GUAYAS,2018-W31,2018,31,2018-08-05,3.0
LOJA,2018-W31,2018,31,2018-08-05,1.0
LOS RIOS,2018-W31,2018,31,2018-08-05,1.0
MANABI,2018-W31,2018,31,2018-08-05,3.0
NAPO,2018-W31,2018,31,2018-08-05,1.0
PASTAZA,2018-W31,2018,31,2018-08-05,1.0
PICHINCHA,2018-W31,2018,31,2018-08-05,1.0
SUCUMBIOS,2018-W31,2018,31,2018-08-05,1.0
AZUAY,2018-W32,2018,32,2018-08-12,1.0
CANAR,2018-W32,2018,32,2018-08-12,1.0
EL ORO,2018-W32,2018,32,2018-08-12,3.0
ESMERALDAS,2018-W32,2018,32,2018-08-12,1.0
GUAYAS,2018-W32,2018,32,2018-08-12,1.0
LOJA,2018-W32,2018,32,2018-08-12,1.0
MANABI,2018-W32,2018,32,2018-08-12,4.0
ORELLANA,2018-W32,2018,32,2018-08-12,1.0
PICHINCHA,2018-W32,2018,32,2018-08-12,1.0
BOLIVAR,2018-W33,2018,33,2018-08-19,1.0
ESMERALDAS,2018-W33,2018,33,2018-08-19,1.0
GUAYAS,2018-W33,2018,33,2018-08-19,1.0
LOJA,2018-W33,2018,33,2018-08-19,1.0
LOS RIOS,2018-W33,2018,33,2018-08-19,1.0
MANABI,2018-W33,2018,33,2018-08-19,3.0
MORONA SANTIAGO,2018-W33,2018,33,2018-08-19,1.0
ORELLANA,2018-W33,2018,33,2018-08-19,1.0
PICHINCHA,2018-W33,2018,33,2018-08-19,1.0
SUCUMBIOS,2018-W33,2018,33,2018-08-19,1.0
CANAR,2018-W34,2018,34,2018-08-26,1.0
EL ORO,2018-W34,2018,34,2018-08-26,3.0
GUAYAS,2018-W34,2018,34,2018-08-26,1.0
MANABI,2018-W34,2018,34,2018-08-26,3.0
NAPO,2018-W34,2018,34,2018-08-26,1.0
ORELLANA,2018-W34,2018,34,2018-08-26,4.0
SUCUMBIOS,2018-W34,2018,34,2018-08-26,1.0
ZAMORA CHINCHIPE,2018-W34,2018,34,2018-08-26,1.0
COTOPAXI,2018-W35,2018,35,2018-09-02,1.0
EL ORO,2018-W35,2018,35,2018-09-02,9.0
ESMERALDAS,2018-W35,2018,35,2018-09-02,1.0
GUAYAS,2018-W35,2018,35,2018-09-02,1.0
LOS RIOS,2018-W35,2018,35,2018-09-02,1.0
MANABI,2018-W35,2018,35,2018-09-02,3.0
MORONA SANTIAGO,2018-W35,2018,35,2018-09-02,1.0
NAPO,2018-W35,2018,35,2018-09-02,1.0
ORELLANA,2018-W35,2018,35,2018-09-02,1.0
PICHINCHA,2018-W35,2018,35,2018-09-02,1.0
GUAYAS,2018-W36,2018,36,2018-09-09,1.0
LOJA,2018-W36,2018,36,2018-09-09,1.0
MANABI,2018-W36,2018,36,2018-09-09,4.0
MORONA SANTIAGO,2018-W36,2018,36,2018-09-09,1.0
NAPO,2018-W36,2018,36,2018-09-09,1.0
ORELLANA,2018-W36,2018,36,2018-09-09,1.0
PICHINCHA,2018-W36,2018,36,2018-09-09,1.0
SUCUMBIOS,2018-W36,2018,36,2018-09-09,1.0
ZAMORA CHINCHIPE,2018-W36,2018,36,2018-09-09,1.0
CHIMBORAZO,2018-W37,2018,37,2018-09-16,1.0
ESMERALDAS,2018-W37,2018,37,2018-09-16,1.0
GUAYAS,2018-W37,2018,37,2018-09-16,1.0
LOJA,2018-W37,2018,37,2018-09-16,1.0
LOS RIOS,2018-W37,2018,37,2018-09-16,1.0
MANABI,2018-W37,2018,37,2018-09-16,1.0
NAPO,2018-W37,2018,37,2018-09-16,1.0
ORELLANA,2018-W37,2018,37,2018-09-16,3.0
EL ORO,2018-W38,2018,38,2018-09-23,1.0
GUAYAS,2018-W38,2018,38,2018-09-23,1.0
LOJA,2018-W38,2018,38,2018-09-23,1.0
LOS RIOS,2018-W38,2018,38,2018-09-23,1.0
MANABI,2018-W38,2018,38,2018-09-23,4.0
NAPO,2018-W38,2018,38,2018-09-23,1.0
ORELLANA,2018-W38,2018,38,2018-09-23,1.0
SUCUMBIOS,2018-W38,2018,38,2018-09-23,1.0
ZAMORA CHINCHIPE,2018-W38,2018,38,2018-09-23,1.0
EL ORO,2018-W39,2018,39,2018-09-30,1.0
ESMERALDAS,2018-W39,2018,39,2018-09-30,1.0
GUAYAS,2018-W39,2018,39,2018-09-30,4.0
LOS RIOS,2018-W39,2018,39,2018-09-30,1.0
MANABI,2018-W39,2018,39,2018-09-30,3.0
ORELLANA,2018-W39,2018,39,2018-09-30,1.0
PICHINCHA,2018-W39,2018,39,2018-09-30,1.0
SUCUMBIOS,2018-W39,2018,39,2018-09-30,1.0
AZUAY,2018-W40,2018,40,2018-10-07,1.0
EL ORO,2018-W40,2018,40,2018-10-07,1.0
GUAYAS,2018-W40,2018,40,2018-10-07,1.0
LOJA,2018-W40,2018,40,2018-10-07,1.0
LOS RIOS,2018-W40,2018,40,2018-10-07,1.0
MANABI,2018-W40,2018,40,2018-10-07,1.0
NAPO,2018-W40,2018,40,2018-10-07,1.0
ORELLANA,2018-W40,2018,40,2018-10-07,3.0
PICHINCHA,2018-W40,2018,40,2018-10-07,1.0
EL ORO,2018-W41,2018,41,2018-10-14,1.0
ESMERALDAS,2018-W41,2018,41,2018-10-14,1.0
GALAPAGOS,2018-W41,2018,41,2018-10-14,1.0
GUAYAS,2018-W41,2018,41,2018-10-14,1.0
MANABI,2018-W41,2018,41,2018-10-14,1.0
NAPO,2018-W41,2018,41,2018-10-14,1.0
ORELLANA,2018-W41,2018,41,2018-10-14,2.0
SUCUMBIOS,2018-W41,2018,41,2018-10-14,1.0
AZUAY,2018-W42,2018,42,2018-10-21,1.0
ESMERALDAS,2018-W42,2018,42,2018-10-21,1.0
GUAYAS,2018-W42,2018,42,2018-10-21,1.0
LOJA,2018-W42,2018,42,2018-10-21,1.0
LOS RIOS,2018-W42,2018,42,2018-10-21,1.0
MANABI,2018-W42,2018,42,2018-10-21,3.0
NAPO,2018-W42,2018,42,2018-10-21,1.0
ORELLANA,2018-W42,2018,42,2018-10-21,1.0
PICHINCHA,2018-W42,2018,42,2018-10-21,3.0
SUCUMBIOS,2018-W42,2018,42,2018-10-21,1.0
AZUAY,2018-W43,2018,43,2018-10-28,1.0
CANAR,2018-W43,2018,43,2018-10-28,1.0
EL ORO,2018-W43,2018,43,2018-10-28,2.0
ESMERALDAS,2018-W43,2018,43,2018-10-28,1.0
GUAYAS,2018-W43,2018,43,2018-10-28,1.0
LOJA,2018-W43,2018,43,2018-10-28,1.0
MANABI,2018-W43,2018,43,2018-10-28,3.0
TUNGURAHUA,2018-W43,2018,43,2018-10-28,11.0
EL ORO,2018-W44,2018,44,2018-11-04,1.0
ESMERALDAS,2018-W44,2018,44,2018-11-04,1.0
GUAYAS,2018-W44,2018,44,2018-11-04,1.0
LOJA,2018-W44,2018,44,2018-11-04,1.0
LOS RIOS,2018-W44,2018,44,2018-11-04,1.0
MANABI,2018-W44,2018,44,2018-11-04,4.0
NAPO,2018-W44,2018,44,2018-11-04,1.0
ORELLANA,2018-W44,2018,44,2018-11-04,1.0
SUCUMBIOS,2018-W44,2018,44,2018-11-04,1.0
EL ORO,2018-W45,2018,45,2018-11-11,1.0
ESMERALDAS,2018-W45,2018,45,2018-11-11,3.0
GUAYAS,2018-W45,2018,45,2018-11-11,1.0
LOS RIOS,2018-W45,2018,45,2018-11-11,1.0
MANABI,2018-W45,2018,45,2018-11-11,3.0
MORONA SANTIAGO,2018-W45,2018,45,2018-11-11,1.0
NAPO,2018-W45,2018,45,2018-11-11,1.0
ORELLANA,2018-W45,2018,45,2018-11-11,3.0
AZUAY,2018-W46,2018,46,2018-11-18,1.0
EL ORO,2018-W46,2018,46,2018-11-18,1.0
ESMERALDAS,2018-W46,2018,46,2018-11-18,1.0
GUAYAS,2018-W46,2018,46,2018-11-18,1.0
IMBABURA,2018-W46,2018,46,2018-11-18,1.0
MANABI,2018-W46,2018,46,2018-11-18,1.0
NAPO,2018-W46,2018,46,2018-11-18,1.0
ORELLANA,2018-W46,2018,46,2018-11-18,1.0
PICHINCHA,2018-W46,2018,46,2018-11-18,4.0
EL ORO,2018-W47,2018,47,2018-11-25,1.0
ESMERALDAS,2018-W47,2018,47,2018-11-25,1.0
GUAYAS,2018-W47,2018,47,2018-11-25,1.0
LOJA,2018-W47,2018,47,2018-11-25,1.0
LOS RIOS,2018-W47,2018,47,2018-11-25,1.0
MANABI,2018-W47,2018,47,2018-11-25,1.0
ORELLANA,2018-W47,2018,47,2018-11-25,1.0
SUCUMBIOS,2018-W47,2018,47,2018-11-25,1.0
CANAR,2018-W48,2018,48,2018-12-02,1.0
EL ORO,2018-W48,2018,48,2018-12-02,1.0
ESMERALDAS,2018-W48,2018,48,2018-12-02,1.0
GUAYAS,2018-W48,2018,48,2018-12-02,1.0
LOJA,2018-W48,2018,48,2018-12-02,11.0
LOS RIOS,2018-W48,2018,48,2018-12-02,1.0
MANABI,2018-W48,2018,48,2018-12-02,3.0
NAPO,2018-W48,2018,48,2018-12-02,1.0
ORELLANA,2018-W48,2018,48,2018-12-02,3.0
SUCUMBIOS,2018-W48,2018,48,2018-12-02,1.0
EL ORO,2018-W49,2018,49,2018-12-09,1.0
ESMERALDAS,2018-W49,2018,49,2018-12-09,3.0
GUAYAS,2018-W49,2018,49,2018-12-09,1.0
LOJA,2018-W49,2018,49,2018-12-09,5.0
MANABI,2018-W49,2018,49,2018-12-09,1.0
MORONA SANTIAGO,2018-W49,2018,49,2018-12-09,1.0
NAPO,2018-W49,2018,49,2018-12-09,1.0
ORELLANA,2018-W49,2018,49,2018-12-09,1.0
PICHINCHA,2018-W49,2018,49,2018-12-09,1.0
SUCUMBIOS,2018-W49,2018,49,2018-12-09,1.0
CHIMBORAZO,2018-W50,2018,50,2018-12-16,1.0
COTOPAXI,2018-W50,2018,50,2018-12-16,1.0
EL ORO,2018-W50,2018,50,2018-12-16,1.0
ESMERALDAS,2018-W50,2018,50,2018-12-16,10.0
GUAYAS,2018-W50,2018,50,2018-12-16,1.0
LOJA,2018-W50,2018,50,2018-12-16,2.0
LOS RIOS,2018-W50,2018,50,2018-12-16,1.0
MANABI,2018-W50,2018,50,2018-12-16,3.0
NAPO,2018-W50,2018,50,2018-12-16,3.0
ORELLANA,2018-W50,2018,50,2018-12-16,3.0
SUCUMBIOS,2018-W50,2018,50,2018-12-16,1.0
ESMERALDAS,2018-W51,2018,51,2018-12-23,3.0
GUAYAS,2018-W51,2018,51,2018-12-23,1.0
LOJA,2018-W51,2018,51,2018-12-23,3.0
LOS RIOS,2018-W51,2018,51,2018-12-23,1.0
MANABI,2018-W51,2018,51,2018-12-23,1.0
NAPO,2018-W51,2018,51,2018-12-23,1.0
AZUAY,2018-W52,2018,52,2018-12-30,1.0
CANAR,2018-W52,2018,52,2018-12-30,1.0
EL ORO,2018-W52,2018,52,2018-12-30,1.0
ESMERALDAS,2018-W52,2018,52,2018-12-30,7.0
GUAYAS,2018-W52,2018,52,2018-12-30,3.0
LOJA,2018-W52,2018,52,2018-12-30,1.0
LOS RIOS,2018-W52,2018,52,2018-12-30,1.0
MANABI,2018-W52,2018,52,2018-12-30,3.0
MORONA SANTIAGO,2018-W52,2018,52,2018-12-30,1.0
NAPO,2018-W52,2018,52,2018-12-30,1.0
ORELLANA,2018-W52,2018,52,2018-12-30,1.0
SUCUMBIOS,2018-W52,2018,52,2018-12-30,3.0
EL ORO,2019-W01,2019,1,2019-01-06,1.0
ESMERALDAS,2019-W01,2019,1,2019-01-06,3.0
GUAYAS,2019-W01,2019,1,2019-01-06,6.0
LOS RIOS,2019-W01,2019,1,2019-01-06,1.0
MANABI,2019-W01,2019,1,2019-01-06,1.0
NAPO,2019-W01,2019,1,2019-01-06,1.0
ORELLANA,2019-W01,2019,1,2019-01-06,1.0
PICHINCHA,2019-W01,2019,1,2019-01-06,1.0
SUCUMBIOS,2019-W01,2019,1,2019-01-06,1.0
EL ORO,2019-W02,2019,2,2019-01-13,1.0
ESMERALDAS,2019-W02,2019,2,2019-01-13,6.0
GUAYAS,2019-W02,2019,2,2019-01-13,4.0
LOJA,2019-W02,2019,2,2019-01-13,1.0
LOS RIOS,2019-W02,2019,2,2019-01-13,1.0
MANABI,2019-W02,2019,2,2019-01-13,6.0
NAPO,2019-W02,2019,2,2019-01-13,1.0
ORELLANA,2019-W02,2019,2,2019-01-13,1.0
PICHINCHA,2019-W02,2019,2,2019-01-13,1.0
SUCUMBIOS,2019-W02,2019,2,2019-01-13,1.0
BOLIVAR,2019-W03,2019,3,2019-01-20,1.0
CANAR,2019-W03,2019,3,2019-01-20,1.0
EL ORO,2019-W03,2019,3,2019-01-20,3.0
ESMERALDAS,2019-W03,2019,3,2019-01-20,3.0
GUAYAS,2019-W03,2019,3,2019-01-20,3.0
LOJA,2019-W03,2019,3,2019-01-20,1.0
LOS RIOS,2019-W03,2019,3,2019-01-20,1.0
MANABI,2019-W03,2019,3,2019-01-20,6.0
NAPO,2019-W03,2019,3,2019-01-20,5.0
ORELLANA,2019-W03,2019,3,2019-01-20,1.0
PICHINCHA,2019-W03,2019,3,2019-01-20,1.0
SUCUMBIOS,2019-W03,2019,3,2019-01-20,1.0
EL ORO,2019-W04,2019,4,2019-01-27,1.0
ESMERALDAS,2019-W04,2019,4,2019-01-27,6.0
GUAYAS,2019-W04,2019,4,2019-01-27,3.0
LOJA,2019-W04,2019,4,2019-01-27,1.0
LOS RIOS,2019-W04,2019,4,2019-01-27,3.0
MANABI,2019-W04,2019,4,2019-01-27,3.0
NAPO,2019-W04,2019,4,2019-01-27,1.0
PICHINCHA,2019-W04,2019,4,2019-01-27,1.0
SUCUMBIOS,2019-W04,2019,4,2019-01-27,1.0
EL ORO,2019-W05,2019,5,2019-02-03,3.0
ESMERALDAS,2019-W05,2019,5,2019-02-03,3.0
GUAYAS,2019-W05,2019,5,2019-02-03,3.0
LOJA,2019-W05,2019,5,2019-02-03,2.0
LOS RIOS,2019-W05,2019,5,2019-02-03,1.0
MANABI,2019-W05,2019,5,2019-02-03,3.0
NAPO,2019-W05,2019,5,2019-02-03,3.0
ORELLANA,2019-W05,2019,5,2019-02-03,3.0
EL ORO,2019-W06,2019,6,2019-02-10,1.0
ESMERALDAS,2019-W06,2019,6,2019-02-10,7.0
GUAYAS,2019-W06,2019,6,2019-02-10,3.0
LOJA,2019-W06,2019,6,2019-02-10,1.0
LOS RIOS,2019-W06,2019,6,2019-02-10,3.0
MANABI,2019-W06,2019,6,2019-02-10,12.0
NAPO,2019-W06,2019,6,2019-02-10,3.0
ORELLANA,2019-W06,2019,6,2019-02-10,3.0
PICHINCHA,2019-W06,2019,6,2019-02-10,1.0
CANAR,2019-W07,2019,7,2019-02-17,1.0
EL ORO,2019-W07,2019,7,2019-02-17,1.0
ESMERALDAS,2019-W07,2019,7,2019-02-17,6.0
GUAYAS,2019-W07,2019,7,2019-02-17,1.0
LOJA,2019-W07,2019,7,2019-02-17,3.0
LOS RIOS,2019-W07,2019,7,2019-02-17,1.0
MANABI,2019-W07,2019,7,2019-02-17,3.0
NAPO,2019-W07,2019,7,2019-02-17,1.0
ORELLANA,2019-W07,2019,7,2019-02-17,1.0
PICHINCHA,2019-W07,2019,7,2019-02-17,1.0
SUCUMBIOS,2019-W07,2019,7,2019-02-17,1.0
ZAMORA CHINCHIPE,2019-W07,2019,7,2019-02-17,4.0
AZUAY,2019-W08,2019,8,2019-02-24,1.0
EL ORO,2019-W08,2019,8,2019-02-24,1.0
ESMERALDAS,2019-W08,2019,8,2019-02-24,10.0
GUAYAS,2019-W08,2019,8,2019-02-24,1.0
LOJA,2019-W08,2019,8,2019-02-24,8.0
LOS RIOS,2019-W08,2019,8,2019-02-24,1.0
MANABI,2019-W08,2019,8,2019-02-24,6.0
MORONA SANTIAGO,2019-W08,2019,8,2019-02-24,1.0
NAPO,2019-W08,2019,8,2019-02-24,1.0
ORELLANA,2019-W08,2019,8,2019-02-24,1.0
SUCUMBIOS,2019-W08,2019,8,2019-02-24,1.0
ZAMORA CHINCHIPE,2019-W08,2019,8,2019-02-24,1.0
CANAR,2019-W09,2019,9,2019-03-03,1.0
EL ORO,2019-W09,2019,9,2019-03-03,1.0
ESMERALDAS,2019-W09,2019,9,2019-03-03,6.0
GUAYAS,2019-W09,2019,9,2019-03-03,6.0
LOJA,2019-W09,2019,9,2019-03-03,3.0
LOS RIOS,2019-W09,2019,9,2019-03-03,1.0
MANABI,2019-W09,2019,9,2019-03-03,3.0
MORONA SANTIAGO,2019-W09,2019,9,2019-03-03,1.0
NAPO,2019-W09,2019,9,2019-03-03,3.0
ORELLANA,2019-W09,2019,9,2019-03-03,1.0
PICHINCHA,2019-W09,2019,9,2019-03-03,1.0
SUCUMBIOS,2019-W09,2019,9,2019-03-03,1.0
ZAMORA CHINCHIPE,2019-W09,2019,9,2019-03-03,1.0
AZUAY,2019-W10,2019,10,2019-03-10,1.0
CANAR,2019-W10,2019,10,2019-03-10,1.0
EL ORO,2019-W10,2019,10,2019-03-10,1.0
ESMERALDAS,2019-W10,2019,10,2019-03-10,7.0
GUAYAS,2019-W10,2019,10,2019-03-10,3.0
LOJA,2019-W10,2019,10,2019-03-10,11.0
LOS RIOS,2019-W10,2019,10,2019-03-10,1.0
MANABI,2019-W10,2019,10,2019-03-10,3.0
MORONA SANTIAGO,2019-W10,2019,10,2019-03-10,1.0
NAPO,2019-W10,2019,10,2019-03-10,3.0
ORELLANA,2019-W10,2019,10,2019-03-10,1.0
PICHINCHA,2019-W10,2019,10,2019-03-10,1.0
SUCUMBIOS,2019-W10,2019,10,2019-03-10,1.0
EL ORO,2019-W11,2019,11,2019-03-17,1.0
ESMERALDAS,2019-W11,2019,11,2019-03-17,13.0
GUAYAS,2019-W11,2019,11,2019-03-17,3.0
LOJA,2019-W11,2019,11,2019-03-17,15.0
LOS RIOS,2019-W11,2019,11,2019-03-17,3.0
MANABI,2019-W11,2019,11,2019-03-17,7.0
NAPO,2019-W11,2019,11,2019-03-17,3.0
ORELLANA,2019-W11,2019,11,2019-03-17,4.0
SUCUMBIOS,2019-W11,2019,11,2019-03-17,1.0
ZAMORA CHINCHIPE,2019-W11,2019,11,2019-03-17,1.0
AZUAY,2019-W12,2019,12,2019-03-24,1.0
CARCHI,2019-W12,2019,12,2019-03-24,1.0
EL ORO,2019-W12,2019,12,2019-03-24,1.0
ESMERALDAS,2019-W12,2019,12,2019-03-24,15.0
GUAYAS,2019-W12,2019,12,2019-03-24,3.0
LOJA,2019-W12,2019,12,2019-03-24,14.0
LOS RIOS,2019-W12,2019,12,2019-03-24,1.0
MANABI,2019-W12,2019,12,2019-03-24,3.0
NAPO,2019-W12,2019,12,2019-03-24,1.0
ORELLANA,2019-W12,2019,12,2019-03-24,1.0
PICHINCHA,2019-W12,2019,12,2019-03-24,1.0
SUCUMBIOS,2019-W12,2019,12,2019-03-24,3.0
ZAMORA CHINCHIPE,2019-W12,2019,12,2019-03-24,4.0
CHIMBORAZO,2019-W13,2019,13,2019-03-31,1.0
CARCHI,2019-W13,2019,13,2019-03-31,1.0
EL ORO,2019-W13,2019,13,2019-03-31,1.0
ESMERALDAS,2019-W13,2019,13,2019-03-31,6.0
GUAYAS,2019-W13,2019,13,2019-03-31,1.0
LOJA,2019-W13,2019,13,2019-03-31,8.0
LOS RIOS,2019-W13,2019,13,2019-03-31,3.0
MANABI,2019-W13,2019,13,2019-03-31,6.0
NAPO,2019-W13,2019,13,2019-03-31,6.0
ORELLANA,2019-W13,2019,13,2019-03-31,1.0
SUCUMBIOS,2019-W13,2019,13,2019-03-31,1.0
ZAMORA CHINCHIPE,2019-W13,2019,13,2019-03-31,6.0
AZUAY,2019-W14,2019,14,2019-04-07,1.0
EL ORO,2019-W14,2019,14,2019-04-07,1.0
ESMERALDAS,2019-W14,2019,14,2019-04-07,3.0
GUAYAS,2019-W14,2019,14,2019-04-07,1.0
LOJA,2019-W14,2019,14,2019-04-07,6.0
LOS RIOS,2019-W14,2019,14,2019-04-07,1.0
MANABI,2019-W14,2019,14,2019-04-07,1.0
NAPO,2019-W14,2019,14,2019-04-07,1.0
ORELLANA,2019-W14,2019,14,2019-04-07,6.0
PICHINCHA,2019-W14,2019,14,2019-04-07,1.0
SUCUMBIOS,2019-W14,2019,14,2019-04-07,3.0
ZAMORA CHINCHIPE,2019-W14,2019,14,2019-04-07,1.0
AZUAY,2019-W15,2019,15,2019-04-14,1.0
EL ORO,2019-W15,2019,15,2019-04-14,1.0
ESMERALDAS,2019-W15,2019,15,2019-04-14,6.0
GUAYAS,2019-W15,2019,15,2019-04-14,6.0
IMBABURA,2019-W15,2019,15,2019-04-14,1.0
LOJA,2019-W15,2019,15,2019-04-14,3.0
LOS RIOS,2019-W15,2019,15,2019-04-14,1.0
MANABI,2019-W15,2019,15,2019-04-14,1.0
MORONA SANTIAGO,2019-W15,2019,15,2019-04-14,1.0
NAPO,2019-W15,2019,15,2019-04-14,6.0
ORELLANA,2019-W15,2019,15,2019-04-14,3.0
PICHINCHA,2019-W15,2019,15,2019-04-14,1.0
SUCUMBIOS,2019-W15,2019,15,2019-04-14,3.0
ZAMORA CHINCHIPE,2019-W15,2019,15,2019-04-14,12.0
EL ORO,2019-W16,2019,16,2019-04-21,3.0
ESMERALDAS,2019-W16,2019,16,2019-04-21,3.0
GUAYAS,2019-W16,2019,16,2019-04-21,3.0
LOJA,2019-W16,2019,16,2019-04-21,3.0
LOS RIOS,2019-W16,2019,16,2019-04-21,1.0
MANABI,2019-W16,2019,16,2019-04-21,3.0
NAPO,2019-W16,2019,16,2019-04-21,3.0
ORELLANA,2019-W16,2019,16,2019-04-21,3.0
PICHINCHA,2019-W16,2019,16,2019-04-21,3.0
SUCUMBIOS,2019-W16,2019,16,2019-04-21,6.0
ZAMORA CHINCHIPE,2019-W16,2019,16,2019-04-21,3.0
CANAR,2019-W17,2019,17,2019-04-28,1.0
EL ORO,2019-W17,2019,17,2019-04-28,3.0
ESMERALDAS,2019-W17,2019,17,2019-04-28,6.0
GUAYAS,2019-W17,2019,17,2019-04-28,3.0
LOJA,2019-W17,2019,17,2019-04-28,3.0
LOS RIOS,2019-W17,2019,17,2019-04-28,1.0
MANABI,2019-W17,2019,17,2019-04-28,1.0
MORONA SANTIAGO,2019-W17,2019,17,2019-04-28,1.0
NAPO,2019-W17,2019,17,2019-04-28,1.0
ORELLANA,2019-W17,2019,17,2019-04-28,6.0
PICHINCHA,2019-W17,2019,17,2019-04-28,1.0
SUCUMBIOS,2019-W17,2019,17,2019-04-28,3.0
ZAMORA CHINCHIPE,2019-W17,2019,17,2019-04-28,10.0
AZUAY,2019-W18,2019,18,2019-05-05,1.0
CANAR,2019-W18,2019,18,2019-05-05,1.0
EL ORO,2019-W18,2019,18,2019-05-05,1.0
ESMERALDAS,2019-W18,2019,18,2019-05-05,10.0
GUAYAS,2019-W18,2019,18,2019-05-05,6.0
IMBABURA,2019-W18,2019,18,2019-05-05,1.0
LOJA,2019-W18,2019,18,2019-05-05,1.0
LOS RIOS,2019-W18,2019,18,2019-05-05,1.0
MANABI,2019-W18,2019,18,2019-05-05,3.0
MORONA SANTIAGO,2019-W18,2019,18,2019-05-05,3.0
NAPO,2019-W18,2019,18,2019-05-05,1.0
ORELLANA,2019-W18,2019,18,2019-05-05,10.0
PICHINCHA,2019-W18,2019,18,2019-05-05,1.0
SUCUMBIOS,2019-W18,2019,18,2019-05-05,3.0
ZAMORA CHINCHIPE,2019-W18,2019,18,2019-05-05,6.0
EL ORO,2019-W19,2019,19,2019-05-12,3.0
ESMERALDAS,2019-W19,2019,19,2019-05-12,6.0
GUAYAS,2019-W19,2019,19,2019-05-12,6.0
LOJA,2019-W19,2019,19,2019-05-12,1.0
LOS RIOS,2019-W19,2019,19,2019-05-12,1.0
MANABI,2019-W19,2019,19,2019-05-12,3.0
MORONA SANTIAGO,2019-W19,2019,19,2019-05-12,3.0
NAPO,2019-W19,2019,19,2019-05-12,3.0
ORELLANA,2019-W19,2019,19,2019-05-12,19.0
PASTAZA,2019-W19,2019,19,2019-05-12,1.0
PICHINCHA,2019-W19,2019,19,2019-05-12,1.0
SUCUMBIOS,2019-W19,2019,19,2019-05-12,3.0
ZAMORA CHINCHIPE,2019-W19,2019,19,2019-05-12,6.0
CANAR,2019-W20,2019,20,2019-05-19,1.0
EL ORO,2019-W20,2019,20,2019-05-19,1.0
ESMERALDAS,2019-W20,2019,20,2019-05-19,6.0
GUAYAS,2019-W20,2019,20,2019-05-19,10.0
LOJA,2019-W20,2019,20,2019-05-19,1.0
LOS RIOS,2019-W20,2019,20,2019-05-19,3.0
MANABI,2019-W20,2019,20,2019-05-19,6.0
NAPO,2019-W20,2019,20,2019-05-19,1.0
ORELLANA,2019-W20,2019,20,2019-05-19,1.0
PASTAZA,2019-W20,2019,20,2019-05-19,1.0
PICHINCHA,2019-W20,2019,20,2019-05-19,1.0
SUCUMBIOS,2019-W20,2019,20,2019-05-19,8.0
ZAMORA CHINCHIPE,2019-W20,2019,20,2019-05-19,3.0
EL ORO,2019-W21,2019,21,2019-05-26,7.0
ESMERALDAS,2019-W21,2019,21,2019-05-26,3.0
GUAYAS,2019-W21,2019,21,2019-05-26,3.0
LOJA,2019-W21,2019,21,2019-05-26,4.0
LOS RIOS,2019-W21,2019,21,2019-05-26,1.0
MANABI,2019-W21,2019,21,2019-05-26,3.0
MORONA SANTIAGO,2019-W21,2019,21,2019-05-26,1.0
NAPO,2019-W21,2019,21,2019-05-26,1.0
ORELLANA,2019-W21,2019,21,2019-05-26,6.0
PASTAZA,2019-W21,2019,21,2019-05-26,1.0
SUCUMBIOS,2019-W21,2019,21,2019-05-26,3.0
ZAMORA CHINCHIPE,2019-W21,2019,21,2019-05-26,6.0
AZUAY,2019-W22,2019,22,2019-06-02,3.0
CANAR,2019-W22,2019,22,2019-06-02,2.0
EL ORO,2019-W22,2019,22,2019-06-02,1.0
ESMERALDAS,2019-W22,2019,22,2019-06-02,3.0
GUAYAS,2019-W22,2019,22,2019-06-02,3.0
LOJA,2019-W22,2019,22,2019-06-02,6.0
LOS RIOS,2019-W22,2019,22,2019-06-02,3.0
MANABI,2019-W22,2019,22,2019-06-02,16.0
MORONA SANTIAGO,2019-W22,2019,22,2019-06-02,1.0
NAPO,2019-W22,2019,22,2019-06-02,3.0
ORELLANA,2019-W22,2019,22,2019-06-02,6.0
PASTAZA,2019-W22,2019,22,2019-06-02,1.0
PICHINCHA,2019-W22,2019,22,2019-06-02,1.0
SUCUMBIOS,2019-W22,2019,22,2019-06-02,3.0
ZAMORA CHINCHIPE,2019-W22,2019,22,2019-06-02,15.0
EL ORO,2019-W23,2019,23,2019-06-09,3.0
ESMERALDAS,2019-W23,2019,23,2019-06-09,10.0
GUAYAS,2019-W23,2019,23,2019-06-09,10.0
LOJA,2019-W23,2019,23,2019-06-09,1.0
LOS RIOS,2019-W23,2019,23,2019-06-09,1.0
MANABI,2019-W23,2019,23,2019-06-09,6.0
MORONA SANTIAGO,2019-W23,2019,23,2019-06-09,1.0
NAPO,2019-W23,2019,23,2019-06-09,1.0
ORELLANA,2019-W23,2019,23,2019-06-09,6.0
PASTAZA,2019-W23,2019,23,2019-06-09,1.0
PICHINCHA,2019-W23,2019,23,2019-06-09,1.0
SUCUMBIOS,2019-W23,2019,23,2019-06-09,3.0
ZAMORA CHINCHIPE,2019-W23,2019,23,2019-06-09,6.0
AZUAY,2019-W24,2019,24,2019-06-16,1.0
BOLIVAR,2019-W24,2019,24,2019-06-16,1.0
CANAR,2019-W24,2019,24,2019-06-16,1.0
EL ORO,2019-W24,2019,24,2019-06-16,3.0
ESMERALDAS,2019-W24,2019,24,2019-06-16,6.0
GUAYAS,2019-W24,2019,24,2019-06-16,10.0
LOJA,2019-W24,2019,24,2019-06-16,3.0
LOS RIOS,2019-W24,2019,24,2019-06-16,6.0
MANABI,2019-W24,2019,24,2019-06-16,4.0
MORONA SANTIAGO,2019-W24,2019,24,2019-06-16,1.0
NAPO,2019-W24,2019,24,2019-06-16,3.0
ORELLANA,2019-W24,2019,24,2019-06-16,17.0
PICHINCHA,2019-W24,2019,24,2019-06-16,1.0
SUCUMBIOS,2019-W24,2019,24,2019-06-16,6.0
ZAMORA CHINCHIPE,2019-W24,2019,24,2019-06-16,1.0
EL ORO,2019-W25,2019,25,2019-06-23,1.0
ESMERALDAS,2019-W25,2019,25,2019-06-23,6.0
GUAYAS,2019-W25,2019,25,2019-06-23,3.0
LOJA,2019-W25,2019,25,2019-06-23,3.0
LOS RIOS,2019-W25,2019,25,2019-06-23,1.0
MANABI,2019-W25,2019,25,2019-06-23,3.0
MORONA SANTIAGO,2019-W25,2019,25,2019-06-23,1.0
NAPO,2019-W25,2019,25,2019-06-23,1.0
ORELLANA,2019-W25,2019,25,2019-06-23,4.0
PASTAZA,2019-W25,2019,25,2019-06-23,1.0
PICHINCHA,2019-W25,2019,25,2019-06-23,1.0
SUCUMBIOS,2019-W25,2019,25,2019-06-23,3.0
ZAMORA CHINCHIPE,2019-W25,2019,25,2019-06-23,1.0
CHIMBORAZO,2019-W26,2019,26,2019-06-30,1.0
EL ORO,2019-W26,2019,26,2019-06-30,3.0
ESMERALDAS,2019-W26,2019,26,2019-06-30,3.0
GUAYAS,2019-W26,2019,26,2019-06-30,6.0
LOJA,2019-W26,2019,26,2019-06-30,1.0
LOS RIOS,2019-W26,2019,26,2019-06-30,3.0
MANABI,2019-W26,2019,26,2019-06-30,3.0
NAPO,2019-W26,2019,26,2019-06-30,1.0
ORELLANA,2019-W26,2019,26,2019-06-30,3.0
PASTAZA,2019-W26,2019,26,2019-06-30,1.0
PICHINCHA,2019-W26,2019,26,2019-06-30,1.0
SUCUMBIOS,2019-W26,2019,26,2019-06-30,3.0
ZAMORA CHINCHIPE,2019-W26,2019,26,2019-06-30,1.0
CHIMBORAZO,2019-W27,2019,27,2019-07-07,1.0
CANAR,2019-W27,2019,27,2019-07-07,1.0
EL ORO,2019-W27,2019,27,2019-07-07,1.0
ESMERALDAS,2019-W27,2019,27,2019-07-07,3.0
GUAYAS,2019-W27,2019,27,2019-07-07,10.0
LOS RIOS,2019-W27,2019,27,2019-07-07,1.0
MANABI,2019-W27,2019,27,2019-07-07,3.0
NAPO,2019-W27,2019,27,2019-07-07,1.0
ORELLANA,2019-W27,2019,27,2019-07-07,6.0
PICHINCHA,2019-W27,2019,27,2019-07-07,1.0
SUCUMBIOS,2019-W27,2019,27,2019-07-07,1.0
ZAMORA CHINCHIPE,2019-W27,2019,27,2019-07-07,1.0
CHIMBORAZO,2019-W52,2019,52,2019-12-29,1.0
AZUAY,2019-W52,2019,52,2019-12-29,1.0
EL ORO,2019-W52,2019,52,2019-12-29,3.0
ESMERALDAS,2019-W52,2019,52,2019-12-29,1.0
GUAYAS,2019-W52,2019,52,2019-12-29,3.0
LOJA,2019-W52,2019,52,2019-12-29,1.0
LOS RIOS,2019-W52,2019,52,2019-12-29,6.0
MANABI,2019-W52,2019,52,2019-12-29,6.0
NAPO,2019-W52,2019,52,2019-12-29,1.0
ORELLANA,2019-W52,2019,52,2019-12-29,3.0
PICHINCHA,2019-W52,2019,52,2019-12-29,1.0
SUCUMBIOS,2019-W52,2019,52,2019-12-29,3.0
CARCHI,2020-W01,2020,1,2020-01-05,1.0
EL ORO,2020-W01,2020,1,2020-01-05,3.0
ESMERALDAS,2020-W01,2020,1,2020-01-05,3.0
GUAYAS,2020-W01,2020,1,2020-01-05,6.0
LOJA,2020-W01,2020,1,2020-01-05,1.0
LOS RIOS,2020-W01,2020,1,2020-01-05,15.0
MANABI,2020-W01,2020,1,2020-01-05,6.0
NAPO,2020-W01,2020,1,2020-01-05,5.0
ORELLANA,2020-W01,2020,1,2020-01-05,1.0
PASTAZA,2020-W01,2020,1,2020-01-05,1.0
PICHINCHA,2020-W01,2020,1,2020-01-05,1.0
SUCUMBIOS,2020-W01,2020,1,2020-01-05,1.0
CHIMBORAZO,2020-W02,2020,2,2020-01-12,1.0
AZUAY,2020-W02,2020,2,2020-01-12,1.0
EL ORO,2020-W02,2020,2,2020-01-12,6.0
ESMERALDAS,2020-W02,2020,2,2020-01-12,3.0
GUAYAS,2020-W02,2020,2,2020-01-12,11.0
IMBABURA,2020-W02,2020,2,2020-01-12,1.0
LOJA,2020-W02,2020,2,2020-01-12,1.0
LOS RIOS,2020-W02,2020,2,2020-01-12,24.0
MANABI,2020-W02,2020,2,2020-01-12,6.0
NAPO,2020-W02,2020,2,2020-01-12,6.0
ORELLANA,2020-W02,2020,2,2020-01-12,10.0
PASTAZA,2020-W02,2020,2,2020-01-12,1.0
PICHINCHA,2020-W02,2020,2,2020-01-12,1.0
SUCUMBIOS,2020-W02,2020,2,2020-01-12,6.0
AZUAY,2020-W03,2020,3,2020-01-19,3.0
EL ORO,2020-W03,2020,3,2020-01-19,6.0
ESMERALDAS,2020-W03,2020,3,2020-01-19,3.0
GUAYAS,2020-W03,2020,3,2020-01-19,9.0
LOJA,2020-W03,2020,3,2020-01-19,1.0
LOS RIOS,2020-W03,2020,3,2020-01-19,27.0
MANABI,2020-W03,2020,3,2020-01-19,10.0
MORONA SANTIAGO,2020-W03,2020,3,2020-01-19,3.0
NAPO,2020-W03,2020,3,2020-01-19,3.0
ORELLANA,2020-W03,2020,3,2020-01-19,11.0
PASTAZA,2020-W03,2020,3,2020-01-19,1.0
PICHINCHA,2020-W03,2020,3,2020-01-19,3.0
SUCUMBIOS,2020-W03,2020,3,2020-01-19,3.0
CHIMBORAZO,2020-W04,2020,4,2020-01-26,1.0
CANAR,2020-W04,2020,4,2020-01-26,1.0
EL ORO,2020-W04,2020,4,2020-01-26,1.0
ESMERALDAS,2020-W04,2020,4,2020-01-26,7.0
GUAYAS,2020-W04,2020,4,2020-01-26,15.0
LOJA,2020-W04,2020,4,2020-01-26,1.0
LOS RIOS,2020-W04,2020,4,2020-01-26,15.0
MANABI,2020-W04,2020,4,2020-01-26,10.0
NAPO,2020-W04,2020,4,2020-01-26,6.0
ORELLANA,2020-W04,2020,4,2020-01-26,14.0
PICHINCHA,2020-W04,2020,4,2020-01-26,3.0
SUCUMBIOS,2020-W04,2020,4,2020-01-26,1.0
COTOPAXI,2020-W05,2020,5,2020-02-02,1.0
EL ORO,2020-W05,2020,5,2020-02-02,3.0
ESMERALDAS,2020-W05,2020,5,2020-02-02,3.0
GUAYAS,2020-W05,2020,5,2020-02-02,14.0
IMBABURA,2020-W05,2020,5,2020-02-02,1.0
LOJA,2020-W05,2020,5,2020-02-02,1.0
LOS RIOS,2020-W05,2020,5,2020-02-02,16.0
MANABI,2020-W05,2020,5,2020-02-02,15.0
NAPO,2020-W05,2020,5,2020-02-02,3.0
ORELLANA,2020-W05,2020,5,2020-02-02,3.0
PASTAZA,2020-W05,2020,5,2020-02-02,1.0
PICHINCHA,2020-W05,2020,5,2020-02-02,3.0
SUCUMBIOS,2020-W05,2020,5,2020-02-02,1.0
CHIMBORAZO,2020-W06,2020,6,2020-02-09,1.0
EL ORO,2020-W06,2020,6,2020-02-09,6.0
ESMERALDAS,2020-W06,2020,6,2020-02-09,3.0
GUAYAS,2020-W06,2020,6,2020-02-09,17.0
IMBABURA,2020-W06,2020,6,2020-02-09,1.0
LOJA,2020-W06,2020,6,2020-02-09,1.0
LOS RIOS,2020-W06,2020,6,2020-02-09,33.0
MANABI,2020-W06,2020,6,2020-02-09,25.0
NAPO,2020-W06,2020,6,2020-02-09,6.0
ORELLANA,2020-W06,2020,6,2020-02-09,12.0
PASTAZA,2020-W06,2020,6,2020-02-09,1.0
PICHINCHA,2020-W06,2020,6,2020-02-09,1.0
SUCUMBIOS,2020-W06,2020,6,2020-02-09,1.0
ZAMORA CHINCHIPE,2020-W06,2020,6,2020-02-09,1.0
AZUAY,2020-W07,2020,7,2020-02-16,1.0
COTOPAXI,2020-W07,2020,7,2020-02-16,1.0
EL ORO,2020-W07,2020,7,2020-02-16,3.0
ESMERALDAS,2020-W07,2020,7,2020-02-16,3.0
GUAYAS,2020-W07,2020,7,2020-02-16,33.0
LOJA,2020-W07,2020,7,2020-02-16,1.0
LOS RIOS,2020-W07,2020,7,2020-02-16,36.0
MANABI,2020-W07,2020,7,2020-02-16,24.0
NAPO,2020-W07,2020,7,2020-02-16,10.0
ORELLANA,2020-W07,2020,7,2020-02-16,16.0
PASTAZA,2020-W07,2020,7,2020-02-16,3.0
PICHINCHA,2020-W07,2020,7,2020-02-16,5.0
SUCUMBIOS,2020-W07,2020,7,2020-02-16,1.0
AZUAY,2020-W08,2020,8,2020-02-23,1.0
BOLIVAR,2020-W08,2020,8,2020-02-23,1.0
CARCHI,2020-W08,2020,8,2020-02-23,1.0
COTOPAXI,2020-W08,2020,8,2020-02-23,2.0
EL ORO,2020-W08,2020,8,2020-02-23,10.0
ESMERALDAS,2020-W08,2020,8,2020-02-23,7.0
GUAYAS,2020-W08,2020,8,2020-02-23,45.0
IMBABURA,2020-W08,2020,8,2020-02-23,1.0
LOJA,2020-W08,2020,8,2020-02-23,1.0
LOS RIOS,2020-W08,2020,8,2020-02-23,40.0
MANABI,2020-W08,2020,8,2020-02-23,40.0
NAPO,2020-W08,2020,8,2020-02-23,10.0
ORELLANA,2020-W08,2020,8,2020-02-23,6.0
PASTAZA,2020-W08,2020,8,2020-02-23,3.0
PICHINCHA,2020-W08,2020,8,2020-02-23,1.0
SUCUMBIOS,2020-W08,2020,8,2020-02-23,3.0
AZUAY,2020-W09,2020,9,2020-03-01,1.0
CANAR,2020-W09,2020,9,2020-03-01,1.0
COTOPAXI,2020-W09,2020,9,2020-03-01,1.0
EL ORO,2020-W09,2020,9,2020-03-01,24.0
ESMERALDAS,2020-W09,2020,9,2020-03-01,3.0
GUAYAS,2020-W09,2020,9,2020-03-01,57.0
IMBABURA,2020-W09,2020,9,2020-03-01,1.0
LOJA,2020-W09,2020,9,2020-03-01,3.0
LOS RIOS,2020-W09,2020,9,2020-03-01,31.0
MANABI,2020-W09,2020,9,2020-03-01,45.0
NAPO,2020-W09,2020,9,2020-03-01,3.0
ORELLANA,2020-W09,2020,9,2020-03-01,13.0
PASTAZA,2020-W09,2020,9,2020-03-01,6.0
PICHINCHA,2020-W09,2020,9,2020-03-01,1.0
SUCUMBIOS,2020-W09,2020,9,2020-03-01,3.0
ZAMORA CHINCHIPE,2020-W09,2020,9,2020-03-01,1.0
CHIMBORAZO,2020-W10,2020,10,2020-03-08,1.0
AZUAY,2020-W10,2020,10,2020-03-08,2.0
CARCHI,2020-W10,2020,10,2020-03-08,1.0
COTOPAXI,2020-W10,2020,10,2020-03-08,1.0
EL ORO,2020-W10,2020,10,2020-03-08,7.0
ESMERALDAS,2020-W10,2020,10,2020-03-08,3.0
GUAYAS,2020-W10,2020,10,2020-03-08,90.0
LOJA,2020-W10,2020,10,2020-03-08,1.0
LOS RIOS,2020-W10,2020,10,2020-03-08,38.0
MANABI,2020-W10,2020,10,2020-03-08,49.0
MORONA SANTIAGO,2020-W10,2020,10,2020-03-08,1.0
NAPO,2020-W10,2020,10,2020-03-08,6.0
ORELLANA,2020-W10,2020,10,2020-03-08,14.0
PASTAZA,2020-W10,2020,10,2020-03-08,6.0
PICHINCHA,2020-W10,2020,10,2020-03-08,4.0
SUCUMBIOS,2020-W10,2020,10,2020-03-08,3.0
ZAMORA CHINCHIPE,2020-W10,2020,10,2020-03-08,1.0
AZUAY,2020-W11,2020,11,2020-03-15,1.0
BOLIVAR,2020-W11,2020,11,2020-03-15,3.0
COTOPAXI,2020-W11,2020,11,2020-03-15,1.0
EL ORO,2020-W11,2020,11,2020-03-15,6.0
ESMERALDAS,2020-W11,2020,11,2020-03-15,3.0
GALAPAGOS,2020-W11,2020,11,2020-03-15,1.0
GUAYAS,2020-W11,2020,11,2020-03-15,43.0
LOJA,2020-W11,2020,11,2020-03-15,1.0
LOS RIOS,2020-W11,2020,11,2020-03-15,21.0
MANABI,2020-W11,2020,11,2020-03-15,84.0
NAPO,2020-W11,2020,11,2020-03-15,7.0
ORELLANA,2020-W11,2020,11,2020-03-15,21.0
PASTAZA,2020-W11,2020,11,2020-03-15,6.0
PICHINCHA,2020-W11,2020,11,2020-03-15,1.0
SUCUMBIOS,2020-W11,2020,11,2020-03-15,1.0
ZAMORA CHINCHIPE,2020-W11,2020,11,2020-03-15,1.0
AZUAY,2020-W12,2020,12,2020-03-22,1.0
COTOPAXI,2020-W12,2020,12,2020-03-22,2.0
EL ORO,2020-W12,2020,12,2020-03-22,3.0
ESMERALDAS,2020-W12,2020,12,2020-03-22,3.0
GUAYAS,2020-W12,2020,12,2020-03-22,57.0
LOJA,2020-W12,2020,12,2020-03-22,1.0
LOS RIOS,2020-W12,2020,12,2020-03-22,23.0
MANABI,2020-W12,2020,12,2020-03-22,39.0
NAPO,2020-W12,2020,12,2020-03-22,3.0
ORELLANA,2020-W12,2020,12,2020-03-22,16.0
PASTAZA,2020-W12,2020,12,2020-03-22,3.0
PICHINCHA,2020-W12,2020,12,2020-03-22,1.0
SUCUMBIOS,2020-W12,2020,12,2020-03-22,1.0
ZAMORA CHINCHIPE,2020-W12,2020,12,2020-03-22,1.0
CHIMBORAZO,2020-W13,2020,13,2020-03-29,1.0
AZUAY,2020-W13,2020,13,2020-03-29,1.0
COTOPAXI,2020-W13,2020,13,2020-03-29,3.0
EL ORO,2020-W13,2020,13,2020-03-29,7.0
ESMERALDAS,2020-W13,2020,13,2020-03-29,3.0
GUAYAS,2020-W13,2020,13,2020-03-29,29.0
LOJA,2020-W13,2020,13,2020-03-29,3.0
LOS RIOS,2020-W13,2020,13,2020-03-29,17.0
MANABI,2020-W13,2020,13,2020-03-29,16.0
MORONA SANTIAGO,2020-W13,2020,13,2020-03-29,1.0
NAPO,2020-W13,2020,13,2020-03-29,7.0
ORELLANA,2020-W13,2020,13,2020-03-29,21.0
PASTAZA,2020-W13,2020,13,2020-03-29,3.0
PICHINCHA,2020-W13,2020,13,2020-03-29,1.0
SUCUMBIOS,2020-W13,2020,13,2020-03-29,3.0
AZUAY,2020-W14,2020,14,2020-04-05,1.0
BOLIVAR,2020-W14,2020,14,2020-04-05,2.0
EL ORO,2020-W14,2020,14,2020-04-05,11.0
ESMERALDAS,2020-W14,2020,14,2020-04-05,3.0
GUAYAS,2020-W14,2020,14,2020-04-05,30.0
LOS RIOS,2020-W14,2020,14,2020-04-05,27.0
MANABI,2020-W14,2020,14,2020-04-05,21.0
MORONA SANTIAGO,2020-W14,2020,14,2020-04-05,1.0
NAPO,2020-W14,2020,14,2020-04-05,8.0
ORELLANA,2020-W14,2020,14,2020-04-05,20.0
PASTAZA,2020-W14,2020,14,2020-04-05,1.0
PICHINCHA,2020-W14,2020,14,2020-04-05,2.0
SUCUMBIOS,2020-W14,2020,14,2020-04-05,1.0
ZAMORA CHINCHIPE,2020-W14,2020,14,2020-04-05,1.0
AZUAY,2020-W15,2020,15,2020-04-12,1.0
CANAR,2020-W15,2020,15,2020-04-12,2.0
EL ORO,2020-W15,2020,15,2020-04-12,6.0
ESMERALDAS,2020-W15,2020,15,2020-04-12,1.0
GALAPAGOS,2020-W15,2020,15,2020-04-12,6.0
GUAYAS,2020-W15,2020,15,2020-04-12,25.0
LOJA,2020-W15,2020,15,2020-04-12,3.0
LOS RIOS,2020-W15,2020,15,2020-04-12,25.0
MANABI,2020-W15,2020,15,2020-04-12,94.0
MORONA SANTIAGO,2020-W15,2020,15,2020-04-12,1.0
NAPO,2020-W15,2020,15,2020-04-12,12.0
ORELLANA,2020-W15,2020,15,2020-04-12,35.0
PASTAZA,2020-W15,2020,15,2020-04-12,1.0
PICHINCHA,2020-W15,2020,15,2020-04-12,1.0
SUCUMBIOS,2020-W15,2020,15,2020-04-12,7.0
ZAMORA CHINCHIPE,2020-W15,2020,15,2020-04-12,1.0
CHIMBORAZO,2020-W16,2020,16,2020-04-19,1.0
AZUAY,2020-W16,2020,16,2020-04-19,1.0
CANAR,2020-W16,2020,16,2020-04-19,1.0
EL ORO,2020-W16,2020,16,2020-04-19,30.0
ESMERALDAS,2020-W16,2020,16,2020-04-19,5.0
GALAPAGOS,2020-W16,2020,16,2020-04-19,10.0
GUAYAS,2020-W16,2020,16,2020-04-19,29.0
IMBABURA,2020-W16,2020,16,2020-04-19,1.0
LOJA,2020-W16,2020,16,2020-04-19,1.0
LOS RIOS,2020-W16,2020,16,2020-04-19,12.0
MANABI,2020-W16,2020,16,2020-04-19,10.0
MORONA SANTIAGO,2020-W16,2020,16,2020-04-19,1.0
NAPO,2020-W16,2020,16,2020-04-19,4.0
ORELLANA,2020-W16,2020,16,2020-04-19,19.0
PASTAZA,2020-W16,2020,16,2020-04-19,1.0
PICHINCHA,2020-W16,2020,16,2020-04-19,1.0
SUCUMBIOS,2020-W16,2020,16,2020-04-19,3.0
ZAMORA CHINCHIPE,2020-W16,2020,16,2020-04-19,1.0
AZUAY,2020-W17,2020,17,2020-04-26,1.0
BOLIVAR,2020-W17,2020,17,2020-04-26,1.0
CANAR,2020-W17,2020,17,2020-04-26,1.0
COTOPAXI,2020-W17,2020,17,2020-04-26,1.0
EL ORO,2020-W17,2020,17,2020-04-26,39.0
ESMERALDAS,2020-W17,2020,17,2020-04-26,3.0
GALAPAGOS,2020-W17,2020,17,2020-04-26,10.0
GUAYAS,2020-W17,2020,17,2020-04-26,28.0
LOJA,2020-W17,2020,17,2020-04-26,2.0
LOS RIOS,2020-W17,2020,17,2020-04-26,10.0
MANABI,2020-W17,2020,17,2020-04-26,12.0
MORONA SANTIAGO,2020-W17,2020,17,2020-04-26,1.0
NAPO,2020-W17,2020,17,2020-04-26,1.0
ORELLANA,2020-W17,2020,17,2020-04-26,10.0
PASTAZA,2020-W17,2020,17,2020-04-26,3.0
PICHINCHA,2020-W17,2020,17,2020-04-26,1.0
SUCUMBIOS,2020-W17,2020,17,2020-04-26,1.0
ZAMORA CHINCHIPE,2020-W17,2020,17,2020-04-26,3.0
AZUAY,2020-W18,2020,18,2020-05-03,3.0
BOLIVAR,2020-W18,2020,18,2020-05-03,1.0
CANAR,2020-W18,2020,18,2020-05-03,1.0
COTOPAXI,2020-W18,2020,18,2020-05-03,1.0
EL ORO,2020-W18,2020,18,2020-05-03,3.0
ESMERALDAS,2020-W18,2020,18,2020-05-03,3.0
GALAPAGOS,2020-W18,2020,18,2020-05-03,3.0
GUAYAS,2020-W18,2020,18,2020-05-03,10.0
LOJA,2020-W18,2020,18,2020-05-03,1.0
LOS RIOS,2020-W18,2020,18,2020-05-03,3.0
MANABI,2020-W18,2020,18,2020-05-03,10.0
MORONA SANTIAGO,2020-W18,2020,18,2020-05-03,3.0
NAPO,2020-W18,2020,18,2020-05-03,7.0
ORELLANA,2020-W18,2020,18,2020-05-03,18.0
PASTAZA,2020-W18,2020,18,2020-05-03,3.0
SUCUMBIOS,2020-W18,2020,18,2020-05-03,1.0
ZAMORA CHINCHIPE,2020-W18,2020,18,2020-05-03,3.0
AZUAY,2020-W19,2020,19,2020-05-10,1.0
COTOPAXI,2020-W19,2020,19,2020-05-10,1.0
EL ORO,2020-W19,2020,19,2020-05-10,7.0
ESMERALDAS,2020-W19,2020,19,2020-05-10,3.0
GALAPAGOS,2020-W19,2020,19,2020-05-10,8.0
GUAYAS,2020-W19,2020,19,2020-05-10,15.0
IMBABURA,2020-W19,2020,19,2020-05-10,1.0
LOJA,2020-W19,2020,19,2020-05-10,3.0
LOS RIOS,2020-W19,2020,19,2020-05-10,6.0
MANABI,2020-W19,2020,19,2020-05-10,10.0
NAPO,2020-W19,2020,19,2020-05-10,3.0
ORELLANA,2020-W19,2020,19,2020-05-10,6.0
PASTAZA,2020-W19,2020,19,2020-05-10,3.0
PICHINCHA,2020-W19,2020,19,2020-05-10,1.0
SUCUMBIOS,2020-W19,2020,19,2020-05-10,1.0
ZAMORA CHINCHIPE,2020-W19,2020,19,2020-05-10,1.0
AZUAY,2020-W20,2020,20,2020-05-17,1.0
COTOPAXI,2020-W20,2020,20,2020-05-17,1.0
EL ORO,2020-W20,2020,20,2020-05-17,3.0
ESMERALDAS,2020-W20,2020,20,2020-05-17,3.0
GALAPAGOS,2020-W20,2020,20,2020-05-17,3.0
GUAYAS,2020-W20,2020,20,2020-05-17,21.0
LOJA,2020-W20,2020,20,2020-05-17,1.0
LOS RIOS,2020-W20,2020,20,2020-05-17,6.0
MANABI,2020-W20,2020,20,2020-05-17,26.0
MORONA SANTIAGO,2020-W20,2020,20,2020-05-17,1.0
NAPO,2020-W20,2020,20,2020-05-17,1.0
ORELLANA,2020-W20,2020,20,2020-05-17,10.0
PASTAZA,2020-W20,2020,20,2020-05-17,1.0
SUCUMBIOS,2020-W20,2020,20,2020-05-17,1.0
ZAMORA CHINCHIPE,2020-W20,2020,20,2020-05-17,1.0
AZUAY,2020-W21,2020,21,2020-05-24,3.0
COTOPAXI,2020-W21,2020,21,2020-05-24,1.0
EL ORO,2020-W21,2020,21,2020-05-24,3.0
ESMERALDAS,2020-W21,2020,21,2020-05-24,3.0
GALAPAGOS,2020-W21,2020,21,2020-05-24,3.0
GUAYAS,2020-W21,2020,21,2020-05-24,10.0
LOJA,2020-W21,2020,21,2020-05-24,1.0
LOS RIOS,2020-W21,2020,21,2020-05-24,4.0
MANABI,2020-W21,2020,21,2020-05-24,24.0
MORONA SANTIAGO,2020-W21,2020,21,2020-05-24,1.0
NAPO,2020-W21,2020,21,2020-05-24,6.0
ORELLANA,2020-W21,2020,21,2020-05-24,15.0
PASTAZA,2020-W21,2020,21,2020-05-24,1.0
PICHINCHA,2020-W21,2020,21,2020-05-24,1.0
SUCUMBIOS,2020-W21,2020,21,2020-05-24,1.0
AZUAY,2020-W22,2020,22,2020-05-31,1.0
CANAR,2020-W22,2020,22,2020-05-31,1.0
COTOPAXI,2020-W22,2020,22,2020-05-31,1.0
EL ORO,2020-W22,2020,22,2020-05-31,22.0
ESMERALDAS,2020-W22,2020,22,2020-05-31,1.0
GALAPAGOS,2020-W22,2020,22,2020-05-31,3.0
GUAYAS,2020-W22,2020,22,2020-05-31,10.0
IMBABURA,2020-W22,2020,22,2020-05-31,1.0
LOJA,2020-W22,2020,22,2020-05-31,1.0
LOS RIOS,2020-W22,2020,22,2020-05-31,3.0
MANABI,2020-W22,2020,22,2020-05-31,14.0
MORONA SANTIAGO,2020-W22,2020,22,2020-05-31,3.0
NAPO,2020-W22,2020,22,2020-05-31,3.0
ORELLANA,2020-W22,2020,22,2020-05-31,17.0
PASTAZA,2020-W22,2020,22,2020-05-31,1.0
PICHINCHA,2020-W22,2020,22,2020-05-31,1.0
SUCUMBIOS,2020-W22,2020,22,2020-05-31,1.0
ZAMORA CHINCHIPE,2020-W22,2020,22,2020-05-31,1.0
CANAR,2020-W23,2020,23,2020-06-07,1.0
COTOPAXI,2020-W23,2020,23,2020-06-07,1.0
EL ORO,2020-W23,2020,23,2020-06-07,3.0
ESMERALDAS,2020-W23,2020,23,2020-06-07,1.0
GALAPAGOS,2020-W23,2020,23,2020-06-07,1.0
GUAYAS,2020-W23,2020,23,2020-06-07,30.0
LOJA,2020-W23,2020,23,2020-06-07,1.0
LOS RIOS,2020-W23,2020,23,2020-06-07,10.0
MANABI,2020-W23,2020,23,2020-06-07,31.0
NAPO,2020-W23,2020,23,2020-06-07,3.0
ORELLANA,2020-W23,2020,23,2020-06-07,16.0
SUCUMBIOS,2020-W23,2020,23,2020-06-07,4.0
COTOPAXI,2020-W24,2020,24,2020-06-14,1.0
EL ORO,2020-W24,2020,24,2020-06-14,6.0
ESMERALDAS,2020-W24,2020,24,2020-06-14,1.0
GALAPAGOS,2020-W24,2020,24,2020-06-14,4.0
GUAYAS,2020-W24,2020,24,2020-06-14,10.0
LOJA,2020-W24,2020,24,2020-06-14,1.0
LOS RIOS,2020-W24,2020,24,2020-06-14,7.0
MANABI,2020-W24,2020,24,2020-06-14,8.0
MORONA SANTIAGO,2020-W24,2020,24,2020-06-14,1.0
NAPO,2020-W24,2020,24,2020-06-14,12.0
ORELLANA,2020-W24,2020,24,2020-06-14,21.0
SUCUMBIOS,2020-W24,2020,24,2020-06-14,1.0
ZAMORA CHINCHIPE,2020-W24,2020,24,2020-06-14,1.0
AZUAY,2020-W25,2020,25,2020-06-21,1.0
BOLIVAR,2020-W25,2020,25,2020-06-21,1.0
EL ORO,2020-W25,2020,25,2020-06-21,1.0
ESMERALDAS,2020-W25,2020,25,2020-06-21,1.0
GALAPAGOS,2020-W25,2020,25,2020-06-21,5.0
GUAYAS,2020-W25,2020,25,2020-06-21,10.0
LOJA,2020-W25,2020,25,2020-06-21,2.0
LOS RIOS,2020-W25,2020,25,2020-06-21,3.0
MANABI,2020-W25,2020,25,2020-06-21,10.0
NAPO,2020-W25,2020,25,2020-06-21,3.0
ORELLANA,2020-W25,2020,25,2020-06-21,29.0
PASTAZA,2020-W25,2020,25,2020-06-21,1.0
SUCUMBIOS,2020-W25,2020,25,2020-06-21,1.0
ZAMORA CHINCHIPE,2020-W25,2020,25,2020-06-21,1.0
AZUAY,2020-W26,2020,26,2020-06-28,1.0
ESMERALDAS,2020-W26,2020,26,2020-06-28,3.0
GALAPAGOS,2020-W26,2020,26,2020-06-28,1.0
GUAYAS,2020-W26,2020,26,2020-06-28,21.0
LOS RIOS,2020-W26,2020,26,2020-06-28,6.0
MANABI,2020-W26,2020,26,2020-06-28,8.0
NAPO,2020-W26,2020,26,2020-06-28,1.0
ORELLANA,2020-W26,2020,26,2020-06-28,11.0
PASTAZA,2020-W26,2020,26,2020-06-28,1.0
PICHINCHA,2020-W26,2020,26,2020-06-28,1.0
SUCUMBIOS,2020-W26,2020,26,2020-06-28,3.0
ZAMORA CHINCHIPE,2020-W26,2020,26,2020-06-28,1.0
COTOPAXI,2020-W27,2020,27,2020-07-05,1.0
EL ORO,2020-W27,2020,27,2020-07-05,1.0
ESMERALDAS,2020-W27,2020,27,2020-07-05,3.0
GALAPAGOS,2020-W27,2020,27,2020-07-05,1.0
GUAYAS,2020-W27,2020,27,2020-07-05,6.0
LOJA,2020-W27,2020,27,2020-07-05,1.0
LOS RIOS,2020-W27,2020,27,2020-07-05,3.0
MANABI,2020-W27,2020,27,2020-07-05,12.0
MORONA SANTIAGO,2020-W27,2020,27,2020-07-05,1.0
NAPO,2020-W27,2020,27,2020-07-05,3.0
ORELLANA,2020-W27,2020,27,2020-07-05,10.0
SUCUMBIOS,2020-W27,2020,27,2020-07-05,3.0
ZAMORA CHINCHIPE,2020-W27,2020,27,2020-07-05,1.0
BOLIVAR,2020-W28,2020,28,2020-07-12,1.0
CANAR,2020-W28,2020,28,2020-07-12,1.0
COTOPAXI,2020-W28,2020,28,2020-07-12,1.0
EL ORO,2020-W28,2020,28,2020-07-12,1.0
ESMERALDAS,2020-W28,2020,28,2020-07-12,1.0
GUAYAS,2020-W28,2020,28,2020-07-12,15.0
IMBABURA,2020-W28,2020,28,2020-07-12,1.0
LOS RIOS,2020-W28,2020,28,2020-07-12,3.0
MANABI,2020-W28,2020,28,2020-07-12,4.0
NAPO,2020-W28,2020,28,2020-07-12,3.0
ORELLANA,2020-W28,2020,28,2020-07-12,4.0
PASTAZA,2020-W28,2020,28,2020-07-12,1.0
PICHINCHA,2020-W28,2020,28,2020-07-12,1.0
CANAR,2020-W29,2020,29,2020-07-19,1.0
COTOPAXI,2020-W29,2020,29,2020-07-19,1.0
EL ORO,2020-W29,2020,29,2020-07-19,3.0
ESMERALDAS,2020-W29,2020,29,2020-07-19,1.0
GALAPAGOS,2020-W29,2020,29,2020-07-19,1.0
GUAYAS,2020-W29,2020,29,2020-07-19,10.0
IMBABURA,2020-W29,2020,29,2020-07-19,3.0
LOJA,2020-W29,2020,29,2020-07-19,1.0
LOS RIOS,2020-W29,2020,29,2020-07-19,3.0
MANABI,2020-W29,2020,29,2020-07-19,6.0
MORONA SANTIAGO,2020-W29,2020,29,2020-07-19,1.0
NAPO,2020-W29,2020,29,2020-07-19,3.0
ORELLANA,2020-W29,2020,29,2020-07-19,6.0
PASTAZA,2020-W29,2020,29,2020-07-19,3.0
PICHINCHA,2020-W29,2020,29,2020-07-19,1.0
SUCUMBIOS,2020-W29,2020,29,2020-07-19,1.0
AZUAY,2020-W30,2020,30,2020-07-26,1.0
CANAR,2020-W30,2020,30,2020-07-26,1.0
EL ORO,2020-W30,2020,30,2020-07-26,6.0
ESMERALDAS,2020-W30,2020,30,2020-07-26,1.0
GUAYAS,2020-W30,2020,30,2020-07-26,6.0
LOJA,2020-W30,2020,30,2020-07-26,4.0
LOS RIOS,2020-W30,2020,30,2020-07-26,6.0
MANABI,2020-W30,2020,30,2020-07-26,3.0
NAPO,2020-W30,2020,30,2020-07-26,1.0
ORELLANA,2020-W30,2020,30,2020-07-26,6.0
PASTAZA,2020-W30,2020,30,2020-07-26,1.0
PICHINCHA,2020-W30,2020,30,2020-07-26,1.0
SUCUMBIOS,2020-W30,2020,30,2020-07-26,1.0
ZAMORA CHINCHIPE,2020-W30,2020,30,2020-07-26,1.0
CANAR,2020-W31,2020,31,2020-08-02,1.0
EL ORO,2020-W31,2020,31,2020-08-02,6.0
ESMERALDAS,2020-W31,2020,31,2020-08-02,1.0
GUAYAS,2020-W31,2020,31,2020-08-02,10.0
LOJA,2020-W31,2020,31,2020-08-02,1.0
LOS RIOS,2020-W31,2020,31,2020-08-02,3.0
MANABI,2020-W31,2020,31,2020-08-02,1.0
NAPO,2020-W31,2020,31,2020-08-02,1.0
ORELLANA,2020-W31,2020,31,2020-08-02,25.0
PASTAZA,2020-W31,2020,31,2020-08-02,1.0
PICHINCHA,2020-W31,2020,31,2020-08-02,3.0
SUCUMBIOS,2020-W31,2020,31,2020-08-02,1.0
COTOPAXI,2020-W32,2020,32,2020-08-09,1.0
EL ORO,2020-W32,2020,32,2020-08-09,1.0
ESMERALDAS,2020-W32,2020,32,2020-08-09,1.0
GUAYAS,2020-W32,2020,32,2020-08-09,6.0
LOJA,2020-W32,2020,32,2020-08-09,1.0
LOS RIOS,2020-W32,2020,32,2020-08-09,4.0
MANABI,2020-W32,2020,32,2020-08-09,3.0
NAPO,2020-W32,2020,32,2020-08-09,3.0
ORELLANA,2020-W32,2020,32,2020-08-09,3.0
PASTAZA,2020-W32,2020,32,2020-08-09,1.0
AZUAY,2020-W33,2020,33,2020-08-16,1.0
BOLIVAR,2020-W33,2020,33,2020-08-16,1.0
COTOPAXI,2020-W33,2020,33,2020-08-16,1.0
EL ORO,2020-W33,2020,33,2020-08-16,1.0
ESMERALDAS,2020-W33,2020,33,2020-08-16,4.0
GALAPAGOS,2020-W33,2020,33,2020-08-16,1.0
GUAYAS,2020-W33,2020,33,2020-08-16,10.0
LOJA,2020-W33,2020,33,2020-08-16,1.0
LOS RIOS,2020-W33,2020,33,2020-08-16,6.0
MANABI,2020-W33,2020,33,2020-08-16,6.0
NAPO,2020-W33,2020,33,2020-08-16,1.0
ORELLANA,2020-W33,2020,33,2020-08-16,6.0
PASTAZA,2020-W33,2020,33,2020-08-16,3.0
PICHINCHA,2020-W33,2020,33,2020-08-16,1.0
SUCUMBIOS,2020-W33,2020,33,2020-08-16,1.0
BOLIVAR,2020-W34,2020,34,2020-08-23,1.0
EL ORO,2020-W34,2020,34,2020-08-23,1.0
ESMERALDAS,2020-W34,2020,34,2020-08-23,1.0
GUAYAS,2020-W34,2020,34,2020-08-23,7.0
LOJA,2020-W34,2020,34,2020-08-23,1.0
LOS RIOS,2020-W34,2020,34,2020-08-23,1.0
MANABI,2020-W34,2020,34,2020-08-23,12.0
MORONA SANTIAGO,2020-W34,2020,34,2020-08-23,1.0
NAPO,2020-W34,2020,34,2020-08-23,1.0
ORELLANA,2020-W34,2020,34,2020-08-23,3.0
PASTAZA,2020-W34,2020,34,2020-08-23,1.0
PICHINCHA,2020-W34,2020,34,2020-08-23,1.0
SUCUMBIOS,2020-W34,2020,34,2020-08-23,1.0
BOLIVAR,2020-W35,2020,35,2020-08-30,1.0
EL ORO,2020-W35,2020,35,2020-08-30,3.0
ESMERALDAS,2020-W35,2020,35,2020-08-30,3.0
GUAYAS,2020-W35,2020,35,2020-08-30,15.0
LOJA,2020-W35,2020,35,2020-08-30,1.0
LOS RIOS,2020-W35,2020,35,2020-08-30,3.0
MANABI,2020-W35,2020,35,2020-08-30,7.0
MORONA SANTIAGO,2020-W35,2020,35,2020-08-30,1.0
NAPO,2020-W35,2020,35,2020-08-30,1.0
ORELLANA,2020-W35,2020,35,2020-08-30,1.0
PASTAZA,2020-W35,2020,35,2020-08-30,1.0
PICHINCHA,2020-W35,2020,35,2020-08-30,1.0
SUCUMBIOS,2020-W35,2020,35,2020-08-30,1.0
AZUAY,2020-W36,2020,36,2020-09-06,1.0
EL ORO,2020-W36,2020,36,2020-09-06,1.0
ESMERALDAS,2020-W36,2020,36,2020-09-06,1.0
GUAYAS,2020-W36,2020,36,2020-09-06,3.0
LOJA,2020-W36,2020,36,2020-09-06,1.0
LOS RIOS,2020-W36,2020,36,2020-09-06,1.0
MANABI,2020-W36,2020,36,2020-09-06,17.0
NAPO,2020-W36,2020,36,2020-09-06,9.0
PASTAZA,2020-W36,2020,36,2020-09-06,1.0
PICHINCHA,2020-W36,2020,36,2020-09-06,3.0
ZAMORA CHINCHIPE,2020-W36,2020,36,2020-09-06,1.0
CANAR,2020-W37,2020,37,2020-09-13,1.0
COTOPAXI,2020-W37,2020,37,2020-09-13,1.0
EL ORO,2020-W37,2020,37,2020-09-13,1.0
ESMERALDAS,2020-W37,2020,37,2020-09-13,1.0
GUAYAS,2020-W37,2020,37,2020-09-13,10.0
LOJA,2020-W37,2020,37,2020-09-13,1.0
LOS RIOS,2020-W37,2020,37,2020-09-13,1.0
MANABI,2020-W37,2020,37,2020-09-13,10.0
MORONA SANTIAGO,2020-W37,2020,37,2020-09-13,1.0
NAPO,2020-W37,2020,37,2020-09-13,3.0
ORELLANA,2020-W37,2020,37,2020-09-13,6.0
PASTAZA,2020-W37,2020,37,2020-09-13,1.0
PICHINCHA,2020-W37,2020,37,2020-09-13,1.0
SUCUMBIOS,2020-W37,2020,37,2020-09-13,1.0
ZAMORA CHINCHIPE,2020-W37,2020,37,2020-09-13,1.0
BOLIVAR,2020-W38,2020,38,2020-09-20,1.0
CANAR,2020-W38,2020,38,2020-09-20,1.0
EL ORO,2020-W38,2020,38,2020-09-20,1.0
ESMERALDAS,2020-W38,2020,38,2020-09-20,1.0
GUAYAS,2020-W38,2020,38,2020-09-20,6.0
LOJA,2020-W38,2020,38,2020-09-20,1.0
LOS RIOS,2020-W38,2020,38,2020-09-20,3.0
MANABI,2020-W38,2020,38,2020-09-20,6.0
MORONA SANTIAGO,2020-W38,2020,38,2020-09-20,1.0
NAPO,2020-W38,2020,38,2020-09-20,3.0
ORELLANA,2020-W38,2020,38,2020-09-20,3.0
PASTAZA,2020-W38,2020,38,2020-09-20,1.0
PICHINCHA,2020-W38,2020,38,2020-09-20,1.0
SUCUMBIOS,2020-W38,2020,38,2020-09-20,1.0
COTOPAXI,2020-W39,2020,39,2020-09-27,1.0
ESMERALDAS,2020-W39,2020,39,2020-09-27,3.0
GUAYAS,2020-W39,2020,39,2020-09-27,12.0
LOJA,2020-W39,2020,39,2020-09-27,1.0
LOS RIOS,2020-W39,2020,39,2020-09-27,3.0
MANABI,2020-W39,2020,39,2020-09-27,6.0
MORONA SANTIAGO,2020-W39,2020,39,2020-09-27,1.0
NAPO,2020-W39,2020,39,2020-09-27,3.0
ORELLANA,2020-W39,2020,39,2020-09-27,6.0
PASTAZA,2020-W39,2020,39,2020-09-27,1.0
PICHINCHA,2020-W39,2020,39,2020-09-27,1.0
SUCUMBIOS,2020-W39,2020,39,2020-09-27,1.0
BOLIVAR,2020-W40,2020,40,2020-10-04,1.0
COTOPAXI,2020-W40,2020,40,2020-10-04,1.0
EL ORO,2020-W40,2020,40,2020-10-04,1.0
ESMERALDAS,2020-W40,2020,40,2020-10-04,1.0
GUAYAS,2020-W40,2020,40,2020-10-04,10.0
LOS RIOS,2020-W40,2020,40,2020-10-04,1.0
MANABI,2020-W40,2020,40,2020-10-04,6.0
NAPO,2020-W40,2020,40,2020-10-04,3.0
ORELLANA,2020-W40,2020,40,2020-10-04,1.0
PICHINCHA,2020-W40,2020,40,2020-10-04,1.0
SUCUMBIOS,2020-W40,2020,40,2020-10-04,1.0
