semana_id,anio_epi,semana,fecha_inicio,fecha_fin,casos
2015-W01,2015,1,2015-01-04,2015-01-10,114.0
2015-W02,2015,2,2015-01-11,2015-01-17,164.0
2015-W03,2015,3,2015-01-18,2015-01-24,207.0
2015-W04,2015,4,2015-01-25,2015-01-31,215.0
2015-W05,2015,5,2015-02-01,2015-02-07,255.0
2015-W06,2015,6,2015-02-08,2015-02-14,232.0
2015-W07,2015,7,2015-02-15,2015-02-21,267.0
2015-W08,2015,8,2015-02-22,2015-02-28,397.0
2015-W09,2015,9,2015-03-01,2015-03-07,527.0
2015-W10,2015,10,2015-03-08,2015-03-14,613.0
2015-W11,2015,11,2015-03-15,2015-03-21,902.0
2015-W12,2015,12,2015-03-22,2015-03-28,1022.0
2015-W13,2015,13,2015-03-29,2015-04-04,1281.0
2015-W14,2015,14,2015-04-05,2015-04-11,1766.0
2015-W15,2015,15,2015-04-12,2015-04-18,1878.0
2015-W16,2015,16,2015-04-19,2015-04-25,2066.0
2015-W17,2015,17,2015-04-26,2015-05-02,2046.0
2015-W18,2015,18,2015-05-03,2015-05-09,2777.0
2015-W19,2015,19,2015-05-10,2015-05-16,2771.0
2015-W20,2015,20,2015-05-17,2015-05-23,2961.0
2015-W21,2015,21,2015-05-24,2015-05-30,2734.0
2015-W22,2015,22,2015-05-31,2015-06-06,2953.0
2015-W23,2015,23,2015-06-07,2015-06-13,2447.0
2015-W24,2015,24,2015-06-14,2015-06-20,2064.0
2015-W25,2015,25,2015-06-21,2015-06-27,1743.0
2015-W26,2015,26,2015-06-28,2015-07-04,1360.0
2015-W27,2015,27,2015-07-05,2015-07-11,1179.0
2015-W28,2015,28,2015-07-12,2015-07-18,1080.0
2015-W29,2015,29,2015-07-19,2015-07-25,796.0
2015-W30,2015,30,2015-07-26,2015-08-01,624.0
2015-W31,2015,31,2015-08-02,2015-08-08,435.0
2015-W32,2015,32,2015-08-09,2015-08-15,327.0
2015-W33,2015,33,2015-08-16,2015-08-22,237.0
2015-W34,2015,34,2015-08-23,2015-08-29,88.0
2015-W35,2015,35,2015-08-30,2015-09-05,166.0
2015-W36,2015,36,2015-09-06,2015-09-12,134.0
2015-W37,2015,37,2015-09-13,2015-09-19,163.0
2015-W38,2015,38,2015-09-20,2015-09-26,140.0
2015-W39,2015,39,2015-09-27,2015-10-03,108.0
2015-W40,2015,40,2015-10-04,2015-10-10,104.0
2015-W41,2015,41,2015-10-11,2015-10-17,113.0
2015-W42,2015,42,2015-10-18,2015-10-24,113.0
2015-W43,2015,43,2015-10-25,2015-10-31,79.0
2015-W44,2015,44,2015-11-01,2015-11-07,63.0
2015-W45,2015,45,2015-11-08,2015-11-14,79.0
2015-W46,2015,46,2015-11-15,2015-11-21,93.0
2015-W47,2015,47,2015-11-22,2015-11-28,82.0
2015-W48,2015,48,2015-11-29,2015-12-05,100.0
2015-W49,2015,49,2015-12-06,2015-12-12,95.0
2015-W50,2015,50,2015-12-13,2015-12-19,154.0
2015-W51,2015,51,2015-12-20,2015-12-26,106.0
2015-W52,2015,52,2015-12-27,2016-01-02,53.0
2015-W53,2015,53,2016-01-03,2016-01-09,208.0
2016-W01,2016,1,2016-01-10,2016-01-16,286.0
2016-W02,2016,2,2016-01-17,2016-01-23,397.0
2016-W03,2016,3,2016-01-24,2016-01-30,473.0
2016-W04,2016,4,2016-01-31,2016-02-06,354.0
2016-W05,2016,5,2016-02-07,2016-02-13,450.0
2016-W06,2016,6,2016-02-14,2016-02-20,528.0
2016-W07,2016,7,2016-02-21,2016-02-27,472.0
2016-W08,2016,8,2016-02-28,2016-03-05,421.0
2016-W09,2016,9,2016-03-06,2016-03-12,497.0
2016-W10,2016,10,2016-03-13,2016-03-19,405.0
2016-W11,2016,11,2016-03-20,2016-03-26,324.0
2016-W12,2016,12,2016-03-27,2016-04-02,372.0
2016-W13,2016,13,2016-04-03,2016-04-09,345.0
2016-W14,2016,14,2016-04-10,2016-04-16,326.0
2016-W15,2016,15,2016-04-17,2016-04-23,307.0
2016-W16,2016,16,2016-04-24,2016-04-30,360.0
2016-W17,2016,17,2016-05-01,2016-05-07,350.0
2016-W18,2016,18,2016-05-08,2016-05-14,428.0
2016-W19,2016,19,2016-05-15,2016-05-21,471.0
2016-W20,2016,20,2016-05-22,2016-05-28,443.0
2016-W21,2016,21,2016-05-29,2016-06-04,523.0
2016-W22,2016,22,2016-06-05,2016-06-11,459.0
2016-W23,2016,23,2016-06-12,2016-06-18,483.0
2016-W24,2016,24,2016-06-19,2016-06-25,336.0
2016-W25,2016,25,2016-06-26,2016-07-02,418.0
2016-W26,2016,26,2016-07-03,2016-07-09,320.0
2016-W27,2016,27,2016-07-10,2016-07-16,322.0
2016-W28,2016,28,2016-07-17,2016-07-23,234.0
2016-W29,2016,29,2016-07-24,2016-07-30,226.0
2016-W30,2016,30,2016-07-31,2016-08-06,207.0
2016-W31,2016,31,2016-08-07,2016-08-13,201.0
2016-W32,2016,32,2016-08-14,2016-08-20,164.0
2016-W33,2016,33,2016-08-21,2016-08-27,115.0
2016-W34,2016,34,2016-08-28,2016-09-03,87.0
2016-W35,2016,35,2016-09-04,2016-09-10,99.0
2016-W36,2016,36,2016-09-11,2016-09-17,101.0
2016-W37,2016,37,2016-09-18,2016-09-24,117.0
2016-W38,2016,38,2016-09-25,2016-10-01,154.0
2016-W39,2016,39,2016-10-02,2016-10-08,60.0
2016-W40,2016,40,2016-10-09,2016-10-15,123.0
2016-W41,2016,41,2016-10-16,2016-10-22,67.0
2016-W42,2016,42,2016-10-23,2016-10-29,80.0
2016-W43,2016,43,2016-10-30,2016-11-05,70.0
2016-W44,2016,44,2016-11-06,2016-11-12,68.0
2016-W45,2016,45,2016-11-13,2016-11-19,79.0
2016-W46,2016,46,2016-11-20,2016-11-26,82.0
2016-W47,2016,47,2016-11-27,2016-12-03,58.0
2016-W48,2016,48,2016-12-04,2016-12-10,63.0
2016-W49,2016,49,2016-12-11,2016-12-17,50.0
2016-W50,2016,50,2016-12-18,2016-12-24,29.0
2016-W51,2016,51,2016-12-25,2016-12-31,547.0
2016-W52,2016,52,2017-01-01,2017-01-07,75.0
2017-W01,2017,1,2017-01-08,2017-01-14,116.0
2017-W02,2017,2,2017-01-15,2017-01-21,175.0
2017-W03,2017,3,2017-01-22,2017-01-28,209.0
2017-W04,2017,4,2017-01-29,2017-02-04,176.0
2017-W05,2017,5,2017-02-05,2017-02-11,229.0
2017-W06,2017,6,2017-02-12,2017-02-18,406.0
2017-W07,2017,7,2017-02-19,2017-02-25,316.0
2017-W08,2017,8,2017-02-26,2017-03-04,307.0
2017-W09,2017,9,2017-03-05,2017-03-11,280.0
2017-W10,2017,10,2017-03-12,2017-03-18,476.0
2017-W11,2017,11,2017-03-19,2017-03-25,451.0
2017-W12,2017,12,2017-03-26,2017-04-01,737.0
2017-W13,2017,13,2017-04-02,2017-04-08,726.0
2017-W14,2017,14,2017-04-09,2017-04-15,512.0
2017-W15,2017,15,2017-04-16,2017-04-22,589.0
2017-W16,2017,16,2017-04-23,2017-04-29,295.0
2017-W17,2017,17,2017-04-30,2017-05-06,488.0
2017-W18,2017,18,2017-05-07,2017-05-13,512.0
2017-W19,2017,19,2017-05-14,2017-05-20,495.0
2017-W20,2017,20,2017-05-21,2017-05-27,442.0
2017-W21,2017,21,2017-05-28,2017-06-03,261.0
2017-W22,2017,22,2017-06-04,2017-06-10,303.0
2017-W23,2017,23,2017-06-11,2017-06-17,321.0
2017-W24,2017,24,2017-06-18,2017-06-24,298.0
2017-W25,2017,25,2017-06-25,2017-07-01,178.0
2017-W26,2017,26,2017-07-02,2017-07-08,196.0
2017-W27,2017,27,2017-07-09,2017-07-15,144.0
2017-W28,2017,28,2017-07-16,2017-07-22,145.0
2017-W29,2017,29,2017-07-23,2017-07-29,138.0
2017-W30,2017,30,2017-07-30,2017-08-05,108.0
2017-W31,2017,31,2017-08-06,2017-08-12,94.0
2017-W32,2017,32,2017-08-13,2017-08-19,72.0
2017-W33,2017,33,2017-08-20,2017-08-26,83.0
2017-W34,2017,34,2017-08-27,2017-09-02,85.0
2017-W35,2017,35,2017-09-03,2017-09-09,119.0
2017-W36,2017,36,2017-09-10,2017-09-16,74.0
2017-W37,2017,37,2017-09-17,2017-09-23,134.0
2017-W38,2017,38,2017-09-24,2017-09-30,63.0
2017-W39,2017,39,2017-10-01,2017-10-07,44.0
2017-W40,2017,40,2017-10-08,2017-10-14,37.0
2017-W41,2017,41,2017-10-15,2017-10-21,49.0
2017-W42,2017,42,2017-10-22,2017-10-28,35.0
2017-W43,2017,43,2017-10-29,2017-11-04,34.0
2017-W44,2017,44,2017-11-05,2017-11-11,55.0
2017-W45,2017,45,2017-11-12,2017-11-18,60.0
2017-W46,2017,46,2017-11-19,2017-11-25,53.0
2017-W47,2017,47,2017-11-26,2017-12-02,37.0
2017-W48,2017,48,2017-12-03,2017-12-09,35.0
2017-W49,2017,49,2017-12-10,2017-12-16,45.0
2017-W50,2017,50,2017-12-17,2017-12-23,52.0
2017-W51,2017,51,2017-12-24,2017-12-30,23.0
2017-W52,2017,52,2017-12-31,2018-01-06,42.0
2018-W01,2018,1,2018-01-07,2018-01-13,114.0
2018-W02,2018,2,2018-01-14,2018-01-20,92.0
2018-W03,2018,3,2018-01-21,2018-01-27,123.0
2018-W04,2018,4,2018-01-28,2018-02-03,124.0
2018-W05,2018,5,2018-02-04,2018-02-10,88.0
2018-W06,2018,6,2018-02-11,2018-02-17,87.0
2018-W07,2018,7,2018-02-18,2018-02-24,98.0
2018-W08,2018,8,2018-02-25,2018-03-03,100.0
2018-W09,2018,9,2018-03-04,2018-03-10,90.0
2018-W10,2018,10,2018-03-11,2018-03-17,75.0
2018-W11,2018,11,2018-03-18,2018-03-24,68.0
2018-W12,2018,12,2018-03-25,2018-03-31,74.0
2018-W13,2018,13,2018-04-01,2018-04-07,63.0
2018-W14,2018,14,2018-04-08,2018-04-14,72.0
2018-W15,2018,15,2018-04-15,2018-04-21,73.0
2018-W16,2018,16,2018-04-22,2018-04-28,74.0
2018-W17,2018,17,2018-04-29,2018-05-05,59.0
2018-W18,2018,18,2018-05-06,2018-05-12,56.0
2018-W19,2018,19,2018-05-13,2018-05-19,53.0
2018-W20,2018,20,2018-05-20,2018-05-26,63.0
2018-W21,2018,21,2018-05-27,2018-06-02,69.0
2018-W22,2018,22,2018-06-03,2018-06-09,61.0
2018-W23,2018,23,2018-06-10,2018-06-16,66.0
2018-W24,2018,24,2018-06-17,2018-06-23,54.0
2018-W25,2018,25,2018-06-24,2018-06-30,62.0
2018-W26,2018,26,2018-07-01,2018-07-07,66.0
2018-W27,2018,27,2018-07-08,2018-07-14,74.0
2018-W28,2018,28,2018-07-15,2018-07-21,56.0
2018-W29,2018,29,2018-07-22,2018-07-28,66.0
2018-W30,2018,30,2018-07-29,2018-08-04,53.0
2018-W31,2018,31,2018-08-05,2018-08-11,45.0
2018-W32,2018,32,2018-08-12,2018-08-18,36.0
2018-W33,2018,33,2018-08-19,2018-08-25,50.0
2018-W34,2018,34,2018-08-26,2018-09-01,43.0
2018-W35,2018,35,2018-09-02,2018-09-08,46.0
2018-W36,2018,36,2018-09-09,2018-09-15,28.0
2018-W37,2018,37,2018-09-16,2018-09-22,32.0
2018-W38,2018,38,2018-09-23,2018-09-29,30.0
2018-W39,2018,39,2018-09-30,2018-10-06,38.0
2018-W40,2018,40,2018-10-07,2018-10-13,24.0
2018-W41,2018,41,2018-10-14,2018-10-20,30.0
2018-W42,2018,42,2018-10-21,2018-10-27,34.0
2018-W43,2018,43,2018-10-28,2018-11-03,35.0
2018-W44,2018,44,2018-11-04,2018-11-10,33.0
2018-W45,2018,45,2018-11-11,2018-11-17,38.0
2018-W46,2018,46,2018-11-18,2018-11-24,30.0
2018-W47,2018,47,2018-11-25,2018-12-01,28.0
2018-W48,2018,48,2018-12-02,2018-12-08,44.0
2018-W49,2018,49,2018-12-09,2018-12-15,44.0
2018-W50,2018,50,2018-12-16,2018-12-22,57.0
2018-W51,2018,51,2018-12-23,2018-12-29,39.0
2018-W52,2018,52,2018-12-30,2019-01-05,83.0
2019-W01,2019,1,2019-01-06,2019-01-12,70.0
2019-W02,2019,2,2019-01-13,2019-01-19,115.0
2019-W03,2019,3,2019-01-20,2019-01-26,119.0
2019-W04,2019,4,2019-01-27,2019-02-02,92.0
2019-W05,2019,5,2019-02-03,2019-02-09,103.0
2019-W06,2019,6,2019-02-10,2019-02-16,126.0
2019-W07,2019,7,2019-02-17,2019-02-23,112.0
2019-W08,2019,8,2019-02-24,2019-03-02,111.0
2019-W09,2019,9,2019-03-03,2019-03-09,114.0
2019-W10,2019,10,2019-03-10,2019-03-16,169.0
2019-W11,2019,11,2019-03-17,2019-03-23,179.0
2019-W12,2019,12,2019-03-24,2019-03-30,176.0
2019-W13,2019,13,2019-03-31,2019-04-06,172.0
2019-W14,2019,14,2019-04-07,2019-04-13,143.0
2019-W15,2019,15,2019-04-14,2019-04-20,190.0
2019-W16,2019,16,2019-04-21,2019-04-27,188.0
2019-W17,2019,17,2019-04-28,2019-05-04,204.0
2019-W18,2019,18,2019-05-05,2019-05-11,247.0
2019-W19,2019,19,2019-05-12,2019-05-18,272.0
2019-W20,2019,20,2019-05-19,2019-05-25,226.0
2019-W21,2019,21,2019-05-26,2019-06-01,241.0
2019-W22,2019,22,2019-06-02,2019-06-08,295.0
2019-W23,2019,23,2019-06-09,2019-06-15,286.0
2019-W24,2019,24,2019-06-16,2019-06-22,291.0
2019-W25,2019,25,2019-06-23,2019-06-29,222.0
2019-W26,2019,26,2019-06-30,2019-07-06,174.0
2019-W27,2019,27,2019-07-07,2019-07-13,128.0
2019-W28,2019,28,2019-07-14,2019-07-20,452.0
2019-W29,2019,29,2019-07-21,2019-07-27,169.0
2019-W30,2019,30,2019-07-28,2019-08-03,157.0
2019-W31,2019,31,2019-08-04,2019-08-10,150.0
2019-W32,2019,32,2019-08-11,2019-08-17,132.0
2019-W33,2019,33,2019-08-18,2019-08-24,157.0
2019-W34,2019,34,2019-08-25,2019-08-31,138.0
2019-W35,2019,35,2019-09-01,2019-09-07,131.0
2019-W36,2019,36,2019-09-08,2019-09-14,126.0
2019-W37,2019,37,2019-09-15,2019-09-21,106.0
2019-W38,2019,38,2019-09-22,2019-09-28,124.0
2019-W39,2019,39,2019-09-29,2019-10-05,106.0
2019-W40,2019,40,2019-10-06,2019-10-12,112.0
2019-W41,2019,41,2019-10-13,2019-10-19,93.0
2019-W42,2019,42,2019-10-20,2019-10-26,125.0
2019-W43,2019,43,2019-10-27,2019-11-02,93.0
2019-W44,2019,44,2019-11-03,2019-11-09,113.0
2019-W45,2019,45,2019-11-10,2019-11-16,150.0
2019-W46,2019,46,2019-11-17,2019-11-23,147.0
2019-W47,2019,47,2019-11-24,2019-11-30,171.0
2019-W48,2019,48,2019-12-01,2019-12-07,163.0
2019-W49,2019,49,2019-12-08,2019-12-14,206.0
2019-W50,2019,50,2019-12-15,2019-12-21,169.0
2019-W51,2019,51,2019-12-22,2019-12-28,78.0
2019-W52,2019,52,2019-12-29,2020-01-04,147.0
2020-W53,2020,53,2021-01-03,2021-01-09,264.0
2021-W01,2021,1,2021-01-10,2021-01-16,310.0
2021-W02,2021,2,2021-01-17,2021-01-23,306.0
2021-W03,2021,3,2021-01-24,2021-01-30,374.0
2021-W04,2021,4,2021-01-31,2021-02-06,442.0
2021-W05,2021,5,2021-02-07,2021-02-13,390.0
2021-W06,2021,6,2021-02-14,2021-02-20,482.0
2021-W07,2021,7,2021-02-21,2021-02-27,558.0
2021-W08,2021,8,2021-02-28,2021-03-06,531.0
2021-W09,2021,9,2021-03-07,2021-03-13,713.0
2021-W10,2021,10,2021-03-14,2021-03-20,674.0
2021-W11,2021,11,2021-03-21,2021-03-27,548.0
2021-W12,2021,12,2021-03-28,2021-04-03,600.0
2021-W13,2021,13,2021-04-04,2021-04-10,641.0
2021-W14,2021,14,2021-04-11,2021-04-17,749.0
2021-W15,2021,15,2021-04-18,2021-04-24,560.0
2021-W16,2021,16,2021-04-25,2021-05-01,685.0
2021-W17,2021,17,2021-05-02,2021-05-08,681.0
2021-W18,2021,18,2021-05-09,2021-05-15,645.0
2021-W19,2021,19,2021-05-16,2021-05-22,735.0
2021-W20,2021,20,2021-05-23,2021-05-29,617.0
2021-W21,2021,21,2021-05-30,2021-06-05,620.0
2021-W22,2021,22,2021-06-06,2021-06-12,579.0
2021-W23,2021,23,2021-06-13,2021-06-19,582.0
2021-W24,2021,24,2021-06-20,2021-06-26,676.0
2021-W25,2021,25,2021-06-27,2021-07-03,537.0
2021-W26,2021,26,2021-07-04,2021-07-10,472.0
2021-W27,2021,27,2021-07-11,2021-07-17,509.0
2021-W28,2021,28,2021-07-18,2021-07-24,375.0
2021-W29,2021,29,2021-07-25,2021-07-31,320.0
2021-W30,2021,30,2021-08-01,2021-08-07,248.0
2021-W31,2021,31,2021-08-08,2021-08-14,257.0
2021-W32,2021,32,2021-08-15,2021-08-21,260.0
2021-W33,2021,33,2021-08-22,2021-08-28,225.0
2021-W34,2021,34,2021-08-29,2021-09-04,248.0
2021-W35,2021,35,2021-09-05,2021-09-11,177.0
2021-W36,2021,36,2021-09-12,2021-09-18,210.0
2021-W37,2021,37,2021-09-19,2021-09-25,181.0
2021-W38,2021,38,2021-09-26,2021-10-02,173.0
2021-W39,2021,39,2021-10-03,2021-10-09,154.0
2021-W40,2021,40,2021-10-10,2021-10-16,195.0
2021-W41,2021,41,2021-10-17,2021-10-23,141.0
2021-W42,2021,42,2021-10-24,2021-10-30,130.0
2021-W43,2021,43,2021-10-31,2021-11-06,145.0
2021-W44,2021,44,2021-11-07,2021-11-13,167.0
2021-W45,2021,45,2021-11-14,2021-11-20,172.0
2021-W46,2021,46,2021-11-21,2021-11-27,192.0
2021-W47,2021,47,2021-11-28,2021-12-04,243.0
2021-W48,2021,48,2021-12-05,2021-12-11,219.0
2021-W49,2021,49,2021-12-12,2021-12-18,194.0
2021-W50,2021,50,2021-12-19,2021-12-25,306.0
2021-W51,2021,51,2021-12-26,2022-01-01,417.0
2021-W52,2021,52,2022-01-02,2022-01-08,248.0
2022-W01,2022,1,2022-01-09,2022-01-15,262.0
2022-W02,2022,2,2022-01-16,2022-01-22,282.0
2022-W03,2022,3,2022-01-23,2022-01-29,271.0
2022-W04,2022,4,2022-01-30,2022-02-05,338.0
2022-W05,2022,5,2022-02-06,2022-02-12,352.0
2022-W06,2022,6,2022-02-13,2022-02-19,405.0
2022-W07,2022,7,2022-02-20,2022-02-26,403.0
2022-W08,2022,8,2022-02-27,2022-03-05,432.0
2022-W09,2022,9,2022-03-06,2022-03-12,540.0
2022-W10,2022,10,2022-03-13,2022-03-19,578.0
2022-W11,2022,11,2022-03-20,2022-03-26,547.0
2022-W12,2022,12,2022-03-27,2022-04-02,565.0
2022-W13,2022,13,2022-04-03,2022-04-09,565.0
2022-W14,2022,14,2022-04-10,2022-04-16,581.0
2022-W15,2022,15,2022-04-17,2022-04-23,556.0
2022-W16,2022,16,2022-04-24,2022-04-30,557.0
2022-W17,2022,17,2022-05-01,2022-05-07,642.0
2022-W18,2022,18,2022-05-08,2022-05-14,580.0
2022-W19,2022,19,2022-05-15,2022-05-21,603.0
2022-W20,2022,20,2022-05-22,2022-05-28,542.0
2022-W21,2022,21,2022-05-29,2022-06-04,504.0
2022-W22,2022,22,2022-06-05,2022-06-11,457.0
2022-W23,2022,23,2022-06-12,2022-06-18,393.0
2022-W24,2022,24,2022-06-19,2022-06-25,362.0
2022-W25,2022,25,2022-06-26,2022-07-02,354.0
2022-W26,2022,26,2022-07-03,2022-07-09,346.0
2022-W27,2022,27,2022-07-10,2022-07-16,321.0
2022-W28,2022,28,2022-07-17,2022-07-23,275.0
2022-W29,2022,29,2022-07-24,2022-07-30,200.0
2022-W30,2022,30,2022-07-31,2022-08-06,173.0
2022-W31,2022,31,2022-08-07,2022-08-13,170.0
2022-W32,2022,32,2022-08-14,2022-08-20,186.0
2022-W33,2022,33,2022-08-21,2022-08-27,179.0
2022-W34,2022,34,2022-08-28,2022-09-03,148.0
2022-W35,2022,35,2022-09-04,2022-09-10,142.0
2022-W36,2022,36,2022-09-11,2022-09-17,124.0
2022-W37,2022,37,2022-09-18,2022-09-24,122.0
2022-W38,2022,38,2022-09-25,2022-10-01,137.0
2022-W39,2022,39,2022-10-02,2022-10-08,138.0
2022-W40,2022,40,2022-10-09,2022-10-15,96.0
2022-W41,2022,41,2022-10-16,2022-10-22,104.0
2022-W42,2022,42,2022-10-23,2022-10-29,117.0
2022-W43,2022,43,2022-10-30,2022-11-05,87.0
2022-W44,2022,44,2022-11-06,2022-11-12,118.0
2022-W45,2022,45,2022-11-13,2022-11-19,121.0
2022-W46,2022,46,2022-11-20,2022-11-26,124.0
2022-W47,2022,47,2022-11-27,2022-12-03,128.0
2022-W48,2022,48,2022-12-04,2022-12-10,129.0
2022-W49,2022,49,2022-12-11,2022-12-17,147.0
2022-W50,2022,50,2022-12-18,2022-12-24,128.0
2022-W51,2022,51,2022-12-25,2022-12-31,138.0
2022-W52,2022,52,2023-01-01,2023-01-07,235.0
2023-W01,2023,1,2023-01-08,2023-01-14,256.0
2023-W02,2023,2,2023-01-15,2023-01-21,264.0
2023-W03,2023,3,2023-01-22,2023-01-28,340.0
2023-W04,2023,4,2023-01-29,2023-02-04,365.0
2023-W05,2023,5,2023-02-05,2023-02-11,368.0
2023-W06,2023,6,2023-02-12,2023-02-18,455.0
2023-W07,2023,7,2023-02-19,2023-02-25,485.0
2023-W08,2023,8,2023-02-26,2023-03-04,475.0
2023-W09,2023,9,2023-03-05,2023-03-11,444.0
2023-W10,2023,10,2023-03-12,2023-03-18,478.0
2023-W11,2023,11,2023-03-19,2023-03-25,495.0
2023-W12,2023,12,2023-03-26,2023-04-01,469.0
2023-W13,2023,13,2023-04-02,2023-04-08,379.0
2023-W14,2023,14,2023-04-09,2023-04-15,342.0
2023-W15,2023,15,2023-04-16,2023-04-22,439.0
2023-W16,2023,16,2023-04-23,2023-04-29,398.0
2023-W17,2023,17,2023-04-30,2023-05-06,416.0
2023-W18,2023,18,2023-05-07,2023-05-13,418.0
2023-W19,2023,19,2023-05-14,2023-05-20,531.0
2023-W20,2023,20,2023-05-21,2023-05-27,494.0
2023-W21,2023,21,2023-05-28,2023-06-03,576.0
2023-W22,2023,22,2023-06-04,2023-06-10,566.0
2023-W23,2023,23,2023-06-11,2023-06-17,541.0
2023-W24,2023,24,2023-06-18,2023-06-24,600.0
2023-W25,2023,25,2023-06-25,2023-07-01,669.0
2023-W26,2023,26,2023-07-02,2023-07-08,662.0
2023-W27,2023,27,2023-07-09,2023-07-15,753.0
2023-W28,2023,28,2023-07-16,2023-07-22,721.0
2023-W29,2023,29,2023-07-23,2023-07-29,752.0
2023-W30,2023,30,2023-07-30,2023-08-05,645.0
2023-W31,2023,31,2023-08-06,2023-08-12,694.0
2023-W32,2023,32,2023-08-13,2023-08-19,667.0
2023-W33,2023,33,2023-08-20,2023-08-26,702.0
2023-W34,2023,34,2023-08-27,2023-09-02,715.0
2023-W35,2023,35,2023-09-03,2023-09-09,671.0
2023-W36,2023,36,2023-09-10,2023-09-16,718.0
2023-W37,2023,37,2023-09-17,2023-09-23,664.0
2023-W38,2023,38,2023-09-24,2023-09-30,692.0
2023-W39,2023,39,2023-10-01,2023-10-07,678.0
2023-W40,2023,40,2023-10-08,2023-10-14,622.0
2023-W41,2023,41,2023-10-15,2023-10-21,609.0
2023-W42,2023,42,2023-10-22,2023-10-28,643.0
2023-W43,2023,43,2023-10-29,2023-11-04,551.0
2023-W44,2023,44,2023-11-05,2023-11-11,580.0
2023-W45,2023,45,2023-11-12,2023-11-18,584.0
2023-W46,2023,46,2023-11-19,2023-11-25,589.0
2023-W47,2023,47,2023-11-26,2023-12-02,527.0
2023-W48,2023,48,2023-12-03,2023-12-09,497.0
2023-W49,2023,49,2023-12-10,2023-12-16,413.0
2023-W50,2023,50,2023-12-17,2023-12-23,579.0
2023-W51,2023,51,2023-12-24,2023-12-30,412.0
2023-W52,2023,52,2023-12-31,2024-01-06,475.0
